378.2,rank,ranking-institution-title,location,Overall scores,Research Quality Score,Industry Score,International Outlook,Research Environment Score,Teaching Score
367.2,1,Massachusetts Institute of Technology,United States,94.8,92.2,99.9,89.6,96.5,96
340.5,2,Stanford University,United States,93.4,91.9,100,83.5,91.8,98.2
361.2,3,Harvard University,United States,92.4,95.2,69.8,82.1,93.4,95
353.3,4,"University of California, Berkeley",United States,91.9,95.2,90.6,83.5,92.7,91.1
363.0,5,University of Cambridge,United Kingdom,91.7,86.6,76.7,95.4,94.6,93.8
335.9,5,University of Oxford,United Kingdom,91.7,81.7,89.4,94.5,97.4,93.5
354.9,7,The University of Chicago,United States,91.3,95.8,67.6,79,93.5,91.9
329.1,8,Tsinghua University,China,90,82.5,99.5,77.7,95.2,93.2
355.7,9,Yale University,United States,89.5,86.9,67.8,85.1,89.3,96.1
340.2,10,Peking University,China,89.2,74.5,95.4,94,91.8,96.3
322.4,11,London School of Economics and Political Science,United Kingdom,87.8,81.9,68.1,95.7,94.5,85.9
332.6,12,University of Pennsylvania,United States,87.5,86.9,71.4,74.9,89.2,92.2
332.0,13,Northwestern University,United States,86.8,86.2,77.2,79.8,89.4,88
353.9,14,Columbia University,United States,86.5,79.2,77.3,87.7,87.8,92
366.1,15,National University of Singapore,Singapore,85.7,79.7,97.9,80.4,95.9,79.9
324.2,16,ETH Zurich,Switzerland,83.5,87.1,99.5,96.4,83.1,75.2
350.7,17,New York University,United States,83.3,75.7,68.6,89.3,90.6,82.2
303.7,18,Duke University,United States,82.8,80.2,100,83,87.5,77.7
310.5,19,"University of California, Los Angeles",United States,81.2,79.2,67.5,75.8,86.4,80.9
314.5,20,Cornell University,United States,81.1,80.7,67.5,78.2,84.1,81
331.5,21,University of Michigan-Ann Arbor,United States,80.8,81.1,74.7,73.1,85.6,78.7
322.4,22,Erasmus University Rotterdam,Netherlands,78.3,81.7,75.7,89,85.1,65.5
314.0,23,UCL,United Kingdom,76.7,80.2,67.4,94.5,80.3,66
332.7,24,University of Toronto,Canada,75,77.3,67.9,92,76.8,67.2
311.3,25,Shanghai Jiao Tong University,China,74.7,75.6,99.8,86.8,70.5,71.4
331.1,26,University of Warwick,United Kingdom,73.7,83.5,66,95.9,65.9,68.1
294.8,27,Technical University of Munich,Germany,73.2,79.8,99.3,80.3,71.7,63.8
282.8,28,Copenhagen Business School,Denmark,72,86.4,53.5,83.8,71.1,60.2
338.6,28,The University of Tokyo,Japan,72,50.2,100,47,85.6,79.4
309.9,30,The Hong Kong University of Science and Technology,Hong Kong,71.4,78.5,100,89.8,70.3,57.4
310.1,31,University of Manchester,United Kingdom,71.3,80.4,68.1,95.6,65.8,62.7
331.3,32,Carnegie Mellon University,United States,71,84.8,68.8,88,68.5,57.4
288.6,33,"University of California, San Diego",United States,70.6,85.1,100,75.6,64.9,59.4
313.1,34,University of Minnesota,United States,70.2,77.3,82,56.5,72.8,64.3
309.0,35,University of British Columbia,Canada,69.9,77,71.4,95.6,69.1,56.9
299.4,36,LMU Munich,Germany,69,66.4,97.1,72.8,72.7,62.7
332.6,37,University of Mannheim,Germany,68.6,71.4,93,63.4,71.6,61.6
315.3,38,"Nanyang Technological University, Singapore",Singapore,68.4,77.4,100,86.8,63.3,56.6
321.1,39,University of Hong Kong,Hong Kong,68.3,80.1,72.5,97.6,65.1,52.6
313.3,40,Tilburg University,Netherlands,68.1,72.3,99.7,81.4,67.7,57.1
294.3,41,University of Melbourne,Australia,67.8,74.7,79.2,93.9,65.5,55.1
317.2,42,Fudan University,China,67.1,74.1,88,77.1,55.1,67.9
323.4,42,Zhejiang University,China,67.1,82.4,94.8,87,53,59.5
315.0,42,University of Zurich,Switzerland,67.1,80,91,90.2,62.2,51.5
300.2,45,Hong Kong Polytechnic University,Hong Kong,67,92.9,70.9,95.5,55.7,48.5
276.6,46,Monash University,Australia,66.4,78.4,73.9,92.6,55.3,59.2
329.3,47,Yonsei University (Seoul campus),South Korea,64.6,77.4,75.8,66.3,57.1,59.9
262.8,48,City University of Hong Kong,Hong Kong,64.5,76.2,100,99,54.1,51
279.6,48,Dartmouth College,United States,64.5,93.7,67.5,60.6,41,65.7
286.3,50,Michigan State University,United States,64.2,79.8,67.3,71.6,60.9,52.4
315.6,51,University of Southern California,United States,63.9,86.7,69.2,76.6,53.8,51.3
294.2,52,University of Groningen,Netherlands,63.5,79.9,92.1,84.8,58.8,45
282.1,53,University of Bonn,Germany,63.2,63.3,84.9,81.2,64.8,53.3
287.1,54,University of Washington,United States,63,78.7,67.5,78.6,57.3,50.7
286.2,55,Australian National University,Australia,62.9,70.7,67.3,92.4,56.7,53.5
294.3,56,University of Edinburgh,United Kingdom,62.8,75,67.9,94.7,48.6,57.3
310.1,57,Chinese University of Hong Kong,Hong Kong,62.6,72.1,69.7,91.8,60.7,47.2
300.0,57,KU Leuven,Belgium,62.6,78.8,100,73.2,58.1,45.7
261.5,59,University of St Gallen,Switzerland,62.1,83,84.9,92.2,39.9,56
278.5,59,University of Texas at Austin,United States,62.1,72.6,78.6,47,63.3,54.6
245.1,61,University of Illinois at Urbana-Champaign,United States,61.5,74.5,79.2,67.8,57,51.4
306.3,62,Lomonosov Moscow State University,,61.4,43.3,76.6,67.7,57.5,76.5
254.7,63,"University of California, Davis",United States,61.2,84.3,76.2,84.6,52,42.9
280.3,64,King’s College London,United Kingdom,61.1,76,31.1,93.9,53.7,50.7
281.5,65,Boston University,United States,60.9,91.3,63.5,81.4,44.1,47
262.9,66,Indiana University,United States,60.8,81,79.8,67.7,53,47.8
274.7,67,University of Wisconsin-Madison,United States,60.5,62.3,70.7,62.9,67,50.1
253.2,68,Purdue University West Lafayette,United States,60.2,71.2,69.6,75.8,58.1,47.7
284.6,68,University of Virginia (Main campus),United States,60.2,83.4,67.3,63.6,38.9,61.2
294.0,70,University of Amsterdam,Netherlands,60,75,71.4,90.9,47.3,50.3
278.1,70,The University of Sydney,Australia,60,73.9,78.8,89.2,52.1,45.5
300.9,72,Johns Hopkins University,United States,59.8,68,68.1,88.9,53.1,50.4
308.0,72,Université de Montréal,Canada,59.8,69.9,93.4,85.7,51.9,47.8
286.7,74,The University of Queensland,Australia,59.7,83.8,77,94.1,53.1,34.3
258.5,75,University of Nottingham,United Kingdom,59.6,80.5,64.4,96.3,45.5,45.6
282.3,76,University of North Carolina at Chapel Hill,United States,59.4,82.4,67.9,55.2,53,47.1
268.9,76,University of Toulouse,France,59.4,63.2,72.9,84.8,61.4,45.1
297.6,78,Kyoto University,Japan,59.2,48.6,99.7,59.3,61.3,60.4
259.2,79,University of Reading,United Kingdom,59.1,85.2,75.8,94.6,42,42.6
232.4,80,University of Massachusetts,United States,59,72.7,66.6,73.2,46.7,55.2
295.7,80,University of Navarra,Spain,59,73.8,26.1,94.5,38,62.5
304.3,82,Lund University,Sweden,58.8,86.1,92.4,66.2,51,37.8
281.5,83,Maastricht University,Netherlands,58.7,69.2,93.8,96.3,45,48.5
259.4,84,Aalto University,Finland,58.6,79.5,82.6,66.9,52.5,41.9
294.1,85,"University of Maryland, College Park",United States,58.5,81.2,67.5,52.2,53.2,46.1
232.6,86,Western University,Canada,58.2,75.5,90.7,90.9,37,52.1
261.9,87,HSE University,,58.1,54.7,69.7,49.2,59,61.2
286.1,88,Seoul National University,South Korea,57.7,55.7,100,47.2,59,55.4
277.0,89,McGill University,Canada,57.4,67.9,75.7,94.8,47.7,45.5
255.6,90,University of Surrey,United Kingdom,57,95.4,46.5,98.1,37,35.4
283.3,91,Penn State (Main campus),United States,56.9,72.1,67.6,62.9,53,45.1
256.0,91,Trinity College Dublin,Ireland,56.9,90,67.2,88.3,37.8,38.8
256.1,93,Pompeu Fabra University,Spain,56.8,64.6,63.5,75,52.9,48.1
263.4,94,University of Florida,United States,56.6,79.6,68.8,51.5,56.2,38.1
291.2,95,Texas A&M University,United States,56.4,78.6,69,57.9,57.9,34.3
275.8,96,"City, University of London",United Kingdom,56,73.3,64.4,97.5,42.3,42.5
306.9,97,Nanjing University,China,55.9,79.4,90,71.5,34.9,49.4
285.8,97,UNSW Sydney,Australia,55.9,73.5,93.7,93.1,46.6,35.1
272.2,98,Lancaster University,United Kingdom,55.8,78.5,67.1,96.8,43.4,36.2
275.1,99,Ohio State University (Main campus),United States,55.8,77.4,69.9,71.3,53.6,34
250.1,100,Aarhus University,Denmark,52.3–55.6,68,93.6,69.7,43.8,37.8
313.1,101,Abu Dhabi University,United Arab Emirates,52.3–55.6,92.8,36.3,95.2,25.8,40.8
272.0,102,University of Alberta,Canada,52.3–55.6,74.8,99.8,95.5,43,32.9
292.5,103,Arizona State University (Tempe),United States,52.3–55.6,85.2,67.7,72.3,46.8,34
239.0,104,University of Birmingham,United Kingdom,52.3–55.6,86.6,73.9,93.9,38.1,31.1
251.6,105,University of Bologna,Italy,52.3–55.6,64.3,68.1,60.9,45.7,49.7
256.6,106,Boston College,United States,52.3–55.6,87.8,64.9,66.8,32.1,41
262.4,107,Durham University,United Kingdom,52.3–55.6,82.1,40.6,98,35.9,35.7
263.4,108,George Washington University,United States,52.3–55.6,84.1,67.5,75.4,35.4,40.5
280.6,109,University of Glasgow,United Kingdom,52.3–55.6,71.3,58.3,93.8,40,41.9
280.3,110,University of Leeds,United Kingdom,52.3–55.6,78.6,67.1,95.5,39.4,35.7
278.1,111,National Taiwan University (NTU),Taiwan,52.3–55.6,73.2,100,59.4,47.7,41.1
283.6,112,Politecnico di Milano,Italy,52.3–55.6,86.1,95,50.3,46.7,35.4
227.0,113,Queensland University of Technology,Australia,52.3–55.6,82.6,78.3,82.6,40.1,27.5
201.2,114,Universitat Ramon Llull,Spain,52.3–55.6,82.8,25.5,86.7,32,47.9
283.4,115,University of São Paulo,Brazil,52.3–55.6,51,61.5,30.7,58,53.7
276.7,116,University of Science and Technology of China,China,52.3–55.6,85,89,74.6,34.8,33.1
286.2,117,Sichuan University,China,52.3–55.6,76.9,94.8,63.1,41.9,41
276.8,118,University of Southampton,United Kingdom,52.3–55.6,92,67.5,98.1,28.6,33.7
292.0,119,Sungkyunkwan University (SKKU),South Korea,52.3–55.6,55,99,76.1,46.7,49.6
281.1,120,University of Sussex,United Kingdom,52.3–55.6,91.2,66.1,96,38.7,24.5
307.7,121,Tongji University,China,52.3–55.6,81.7,71.9,90.9,36.6,35.5
264.0,122,University of Twente,Netherlands,52.3–55.6,83.1,99.9,90.1,34.6,29.9
270.1,123,University of Vienna,Austria,52.3–55.6,62.7,61.2,91.8,48.3,41.6
269.9,124,Vrije Universiteit Amsterdam,Netherlands,52.3–55.6,76.1,63.4,82.4,48.2,37.1
238.8,125,University of Auckland,New Zealand,49.3–52.2,75.7,68.9,92.2,33.1,32.7
256.7,126,Autonomous University of Barcelona,Spain,49.3–52.2,77.2,51.7,74.9,35,40.9
261.0,127,University of Bath,United Kingdom,49.3–52.2,79.9,49.1,95.3,32.4,33.5
244.0,128,Beihang University,China,49.3–52.2,80.2,88.4,64.6,27.8,37.3
264.5,129,Beijing Institute of Technology,China,49.3–52.2,97.8,55.1,61.9,29.2,35.6
250.1,130,University of Cologne,Germany,49.3–52.2,63.3,94.9,62.4,43.9,37.3
231.4,131,Free University of Berlin,Germany,49.3–52.2,66.4,78,63.5,42.2,38.8
263.1,132,University of Georgia,United States,49.3–52.2,79.7,67.4,40.4,43.9,31.1
275.1,133,Ghent University,Belgium,49.3–52.2,81.5,91.8,53.4,36.4,34.3
240.9,134,Griffith University,Australia,49.3–52.2,80.2,74,86.1,34.8,33.9
230.4,135,Institut Polytechnique de Paris,France,49.3–52.2,47.3,66.3,83.8,43.5,47
268.3,136,Lappeenranta-Lahti University of Technology LUT,Finland,49.3–52.2,97.9,49.9,48,34.6,25.9
297.0,137,Loughborough University,United Kingdom,49.3–52.2,77.5,67.8,92.7,30.3,34.3
249.8,138,Macquarie University,Australia,49.3–52.2,82.5,94.2,88.1,32.2,28.2
275.6,139,University of Malaya,Malaysia,49.3–52.2,65.1,76.8,69.1,38.8,39.2
249.7,140,RMIT University,Australia,49.3–52.2,79.1,75.8,88.9,31.8,30.6
261.9,141,Sant’Anna School of Advanced Studies – Pisa,Italy,49.3–52.2,92,79,47.3,31.4,33.3
270.2,142,University of Sheffield,United Kingdom,49.3–52.2,85,54,92.9,30,30.8
263.0,143,University of Technology Sydney,Australia,49.3–52.2,78,66,89.4,36.8,27.9
225.6,144,University College Dublin,Ireland,49.3–52.2,82.2,63.4,84.9,32.5,28.9
263.9,145,Vanderbilt University,United States,49.3–52.2,69.8,67.4,57.5,30.9,49.5
274.7,146,Washington University in St Louis,United States,49.3–52.2,82.4,64.8,86.3,30.4,34
247.3,147,The University of Western Australia,Australia,49.3–52.2,82.1,70.7,91.4,30.5,33
236.3,148,Wuhan University,China,49.3–52.2,88.7,79.4,51.9,27.3,35.2
262.5,149,University of York,United Kingdom,49.3–52.2,62.9,41.4,92.2,39.8,38.4
254.9,150,University of Bayreuth,Germany,47.4–49.2,83.8,86.1,57.4,35.2,27.1
256.3,151,Beijing Normal University,China,47.4–49.2,81.5,75.7,66.4,31.3,31.1
258.9,152,Cardiff University,United Kingdom,47.4–49.2,74.8,65,87.2,29.3,29.5
250.9,153,University of Erlangen-Nuremberg,Germany,47.4–49.2,80.1,100,42.3,36.5,30.3
241.6,154,University of Essex,United Kingdom,47.4–49.2,83.3,39.9,97.4,30.3,27.7
225.3,155,Georgia State University,United States,47.4–49.2,72.8,68.2,68.7,31.9,33.5
223.1,156,King Abdulaziz University,Saudi Arabia,47.4–49.2,90.3,37.8,71.2,26,31.3
285.7,157,Korea Advanced Institute of Science and Technology (KAIST),South Korea,47.4–49.2,55.5,82.4,45.1,40.1,46.5
250.7,158,Kyung Hee University,South Korea,47.4–49.2,74.9,96.5,85.3,29,26.5
241.0,159,University of Newcastle,Australia,47.4–49.2,94.5,41.4,92.1,22.7,23.4
262.4,160,"Northeastern University, US",United States,47.4–49.2,81.6,53.9,80.8,25.1,32.9
232.4,161,Paris Sciences et Lettres – PSL Research University Paris,France,47.4–49.2,52.6,83.6,58.2,46.6,42
249.3,162,Universiti Putra Malaysia,Malaysia,47.4–49.2,64.3,78.2,81.7,38.2,32
260.8,163,Universiti Sains Malaysia,Malaysia,47.4–49.2,76.1,60.5,63.1,32.7,36.6
257.5,164,Sejong University,South Korea,47.4–49.2,95.1,61.6,70.4,22.2,27.6
259.2,165,University of Southern Denmark,Denmark,47.4–49.2,86.2,65.1,81.4,28.1,24.5
276.6,166,Stockholm University,Sweden,47.4–49.2,72,82.4,59.2,43.9,27.8
257.2,167,Sun Yat-sen University,China,47.4–49.2,81.2,90.1,57.1,30.8,30.8
259.1,168,Swansea University,United Kingdom,47.4–49.2,97.1,66.7,89,23.8,19.9
226.5,169,Swinburne University of Technology,Australia,47.4–49.2,93.2,61.1,80,22.9,24.9
257.1,170,Technical University of Berlin,Germany,47.4–49.2,70.6,99.2,50.3,39,31.8
237.8,171,Temple University,United States,47.4–49.2,82.5,60.2,53.5,30.3,34.4
284.7,172,Tianjin University,China,47.4–49.2,73.2,93.1,57.8,33,35.4
258.7,173,Ural Federal University,,47.4–49.2,76.3,50,78.5,33,29.1
255.6,174,University of Waikato,New Zealand,47.4–49.2,91.7,73.9,95.4,23.7,21.2
248.6,175,University of Waterloo,Canada,47.4–49.2,75.4,66.6,84.2,32.5,31
259.3,176,Worcester Polytechnic Institute,United States,47.4–49.2,98.6,67.2,67.9,21.9,23
258.9,177,University of Adelaide,Australia,46.2–47.3,65.4,52.4,94.7,36.1,27.4
232.1,178,Aston University,United Kingdom,46.2–47.3,93.6,52.3,91.2,22.2,21.3
267.0,179,University of Canterbury,New Zealand,46.2–47.3,93.1,58.2,85.2,22.4,19.4
246.9,180,Université Catholique de Louvain,Belgium,46.2–47.3,54.9,64,70,43.2,35
225.7,181,Curtin University,Australia,46.2–47.3,79.6,67.5,95.9,24,24.9
222.9,182,University of Exeter,United Kingdom,46.2–47.3,84.3,38.8,96.4,27.4,20.9
223.4,183,Free University of Bozen-Bolzano,Italy,46.2–47.3,97.5,19.4,84.9,23.9,19.4
248.3,184,Georgetown University,United States,46.2–47.3,75.7,68.9,51.9,26.4,40.5
279.6,185,Harbin Institute of Technology,China,46.2–47.3,73.3,65.4,56.7,28,37.8
277.5,186,Huazhong University of Science and Technology,China,46.2–47.3,84.1,85,54.6,24.6,32.9
238.9,187,University of Innsbruck,Austria,46.2–47.3,70.1,87.2,90.5,31.8,26.1
189.2,188,Linköping University,Sweden,46.2–47.3,88,94.2,63.2,32.1,17.6
247.1,189,North Carolina State University,United States,46.2–47.3,74.2,87.2,46.3,31.2,33.9
243.9,190,Peter the Great St Petersburg Polytechnic University,,46.2–47.3,72.1,24.2,64.6,28.3,40.9
219.9,191,Radboud University Nijmegen,Netherlands,46.2–47.3,83.8,67,64.2,32.1,24.1
290.2,192,University of Rochester,United States,46.2–47.3,68.6,67.3,79.5,28.5,36.3
245.1,193,Sapienza University of Rome,Italy,46.2–47.3,69.9,75.5,41.8,32.7,40.3
263.9,194,University of South Australia,Australia,46.2–47.3,78,94.6,84.6,33,19
213.5,195,Universiti Teknologi Malaysia,Malaysia,46.2–47.3,78.7,67.6,69.7,29.1,31.1
244.3,196,United Arab Emirates University,United Arab Emirates,46.2–47.3,86.9,67.9,83.1,26,22.9
284.2,197,Universiti Utara Malaysia,Malaysia,46.2–47.3,71.8,44.1,67.2,30.4,39.1
228.6,198,Washington State University,United States,46.2–47.3,75.1,75.7,63.4,30.1,32
260.9,199,University of Wollongong,Australia,46.2–47.3,73.2,94.9,88.8,27.3,25.4
263.7,200,Aalborg University,Denmark,44.3–46.1,72.1,56.7,63.5,36.3,23.6
255.8,201,University of Aberdeen,United Kingdom,44.3–46.1,72.6,67.6,97.5,23.2,28.7
271.8,202,University of Antwerp,Belgium,44.3–46.1,70.3,98,61,34.4,26.8
240.1,203,"Asia University, Taiwan",Taiwan,44.3–46.1,93.4,71.4,59,26.9,18
222.5,204,University of Bern,Switzerland,44.3–46.1,76.7,76.6,74,28.5,25.4
239.5,205,University of Bradford,United Kingdom,44.3–46.1,94,63.7,93.9,20.2,17
235.0,206,University of Bristol,United Kingdom,44.3–46.1,73.1,51.6,91.2,24.2,29.8
238.7,207,"University of California, Irvine",United States,44.3–46.1,60.3,67.5,83.2,31,31.9
235.2,208,Carlos III University of Madrid,Spain,44.3–46.1,48.6,70.6,68.5,34.8,43.6
275.2,209,Case Western Reserve University,United States,44.3–46.1,78.8,66.5,71.8,22.4,27.5
245.5,210,Charles University,Czech Republic,44.3–46.1,55,68.5,76.4,35.1,37.2
254.0,211,Chongqing University,China,44.3–46.1,83.1,70.4,62.9,22.3,27.6
260.9,212,Dalian University of Technology,China,44.3–46.1,92.3,74.2,47.7,21,29.8
246.1,213,Deakin University,Australia,44.3–46.1,81.9,78.2,90.6,24.5,21.2
243.5,214,Dublin City University,Ireland,44.3–46.1,93.6,55.8,73.2,22.9,18.2
251.1,215,Edith Cowan University,Australia,44.3–46.1,90.4,48.2,96,19.4,18.7
233.8,216,University of Geneva,Switzerland,44.3–46.1,64.9,74.6,94.2,27.2,27.9
234.1,217,Goethe University Frankfurt,Germany,44.3–46.1,51.9,89,69.3,35.9,33.9
246.4,218,University of Hamburg,Germany,44.3–46.1,65.5,87.4,52.3,38.3,29.4
258.3,219,Hanyang University,South Korea,44.3–46.1,68.8,88.6,67.8,25.9,32.9
267.8,220,University of Huddersfield,United Kingdom,44.3–46.1,85.3,33.3,95,20.2,26.8
260.1,221,University of Iowa,United States,44.3–46.1,75.9,68,58.1,32.1,24.7
261.2,222,University of Johannesburg,South Africa,44.3–46.1,77.6,65.4,72.1,31.3,22.2
229.9,223,Johannes Kepler University of Linz,Austria,44.3–46.1,79.1,84.7,70.2,24.3,25.4
240.7,224,King Fahd University of Petroleum and Minerals,Saudi Arabia,44.3–46.1,74.4,96.6,73.8,23,26.1
278.7,225,Koç University,Turkey,44.3–46.1,62.5,100,63.1,34.5,26.7
225.9,226,Korea University,South Korea,44.3–46.1,55.6,99.5,76.5,29.6,37.7
218.5,227,University of Lausanne,Switzerland,44.3–46.1,56.4,50,87.3,36.2,33.1
235.9,228,University of Liverpool,United Kingdom,44.3–46.1,68,51.1,96.4,25.2,31
259.6,229,McMaster University,Canada,44.3–46.1,72.1,87.2,90.9,28.5,23.3
235.9,230,Montpellier University,France,44.3–46.1,91.4,40.6,68.3,25.6,23.6
244.0,231,Nankai University,China,44.3–46.1,76.1,59.5,62.2,20.7,35.8
222.3,232,Newcastle University,United Kingdom,44.3–46.1,81.3,40.9,91.1,22.6,24.2
236.9,233,University of Nicosia,Cyprus,44.3–46.1,94.4,61,82.5,21.7,18.9
230.9,234,University of Notre Dame,United States,44.3–46.1,81.6,69.3,60.1,24.9,31.2
250.4,235,NOVA University of Lisbon,Portugal,44.3–46.1,77.6,64.8,73.5,28.1,25.2
255.5,236,University of Otago,New Zealand,44.3–46.1,70.7,46.7,77.1,27.8,30.1
220.2,237,University of Padua,Italy,44.3–46.1,78.3,76.7,52.5,29.4,29.4
259.1,238,University of Pittsburgh-Pittsburgh campus,United States,44.3–46.1,71.6,68.6,55.8,34.9,27.3
204.9,239,Pusan National University,South Korea,44.3–46.1,85.4,81.7,61,22.3,23.8
239.6,240,Queen Mary University of London,United Kingdom,44.3–46.1,78.9,55.8,96.2,24.6,24.9
253.9,241,Rice University,United States,44.3–46.1,60.8,61.2,70.2,28,40.9
232.1,242,University of Sharjah,United Arab Emirates,44.3–46.1,97.5,44.1,96.8,20.7,14.7
204.4,243,SOAS University of London,United Kingdom,44.3–46.1,70.2,17.5,88.8,28.4,35
264.1,244,University of Strathclyde,United Kingdom,44.3–46.1,69.9,55.1,87.7,26.9,29.9
225.8,245,Syracuse University,United States,44.3–46.1,69.1,99.8,52.4,32.6,28.7
206.8,246,Virginia Polytechnic Institute and State University,United States,44.3–46.1,73.8,67.8,59,31.5,30.6
243.5,247,Xiamen University,China,44.3–46.1,81.1,53.3,45.5,24.5,33.7
216.7,248,Xi’an Jiaotong University,China,44.3–46.1,79.2,91.4,64.3,29.2,24.1
239.6,249,York University,Canada,44.3–46.1,72.2,36.4,85.3,31.9,27.7
258.5,250,Zayed University,United Arab Emirates,44.3–46.1,89,17.5,73.9,26.4,23.8
230.7,251,Amirkabir University of Technology,Iran,41.7–44.2,79.6,89.6,47.1,27.2,17.9
262.5,252,University of Arizona,United States,41.7–44.2,74.4,67.6,40.2,34.5,26.4
209.2,253,"Birkbeck, University of London",United Kingdom,41.7–44.2,74.3,67.9,93.3,19.7,21.8
216.9,254,Bournemouth University,United Kingdom,41.7–44.2,81.6,48.5,88.4,21.1,18.4
220.7,255,Brunel University London,United Kingdom,41.7–44.2,74.7,64.1,97.5,22.2,22.4
177.3,256,Ca’ Foscari University of Venice,Italy,41.7–44.2,65,88.9,50.4,26.4,29.5
229.4,257,University of Calgary,Canada,41.7–44.2,74.1,77.8,85.2,25.4,18.5
230.7,258,University of Cape Town,South Africa,41.7–44.2,60.4,47.2,67.9,33.7,30.5
227.7,259,University of Central Florida,United States,41.7–44.2,74.5,67.9,43.2,31.3,28.5
207.6,260,University of Colorado Boulder,United States,41.7–44.2,77.4,67.5,48.9,26.9,24.4
254.0,261,University of Côte d’Azur,France,41.7–44.2,58,19.5,70.4,29.4,37.3
232.2,262,University of East Anglia,United Kingdom,41.7–44.2,80,31.6,94.9,22.9,21.9
256.3,263,Eastern Mediterranean University,Northern Cyprus,41.7–44.2,84.1,60.4,71.5,14.7,24.6
244.3,264,Emory University,United States,41.7–44.2,59.5,67.5,79,21.7,33.8
225.2,265,University of Granada,Spain,41.7–44.2,87.4,51.1,48.1,21,24.2
209.3,266,Heriot-Watt University,United Kingdom,41.7–44.2,68.4,68.5,93.5,23.6,21
241.2,267,University of Hohenheim,Germany,41.7–44.2,79.3,75.4,48.8,28.7,24.8
251.9,268,Hong Kong Baptist University,Hong Kong,41.7–44.2,75.9,68.9,95.6,15.9,21.1
221.2,269,University of Hull,United Kingdom,41.7–44.2,72.7,59.4,93.6,18.6,26.2
197.0,270,Iowa State University,United States,41.7–44.2,67.6,82.4,44,31.2,28.4
243.3,271,University of Kent,United Kingdom,41.7–44.2,80.5,18,91.4,19.4,21.2
215.8,272,University of Konstanz,Germany,41.7–44.2,54.4,90.2,60.4,36.2,33.2
257.2,273,La Trobe University,Australia,41.7–44.2,77.4,59.2,90.6,24.7,18.8
234.7,274,Lebanese American University,Lebanon,41.7–44.2,93,34.1,79.2,14.9,17.4
211.6,275,Leuphana University of Lüneburg,Germany,41.7–44.2,89.5,35.4,48.7,23.4,23.8
227.2,276,Université Libre de Bruxelles,Belgium,41.7–44.2,63.9,70.3,76.4,32.7,23.9
188.2,277,Lincoln University,New Zealand,41.7–44.2,82.1,24.3,90.3,19.1,24.1
247.4,278,Macau University of Science and Technology,Macao,41.7–44.2,71.7,75.4,90.8,19.3,26.6
202.0,279,University of Miami,United States,41.7–44.2,78.8,67.5,70.6,17.8,25.8
194.4,280,Monterrey Institute of Technology,Mexico,41.7–44.2,72.2,52.9,67.1,19.4,31.2
217.7,281,Norwegian University of Science and Technology,Norway,41.7–44.2,74.7,72.1,53.4,27,25.6
252.1,282,Osaka University,Japan,41.7–44.2,36.1,48,61.7,42.4,45
246.7,283,University of Ottawa,Canada,41.7–44.2,67.5,61.4,90.2,28.3,23.3
235.8,284,Panthéon-Sorbonne University – Paris 1,France,41.7–44.2,49.3,50.3,67,35.4,39.9
248.6,285,Université Paris-Saclay,France,41.7–44.2,52.6,34.9,65.5,41.4,31.2
212.8,286,University of Passau,Germany,41.7–44.2,66.9,64,55.2,31.6,27.8
245.9,287,University of Plymouth,United Kingdom,41.7–44.2,95.2,48.4,92.9,15.6,16.4
208.0,288,University of Portsmouth,United Kingdom,41.7–44.2,84,50,94,18.7,21.3
238.5,289,University of Rome II – Tor Vergata,Italy,41.7–44.2,64,89.8,53.1,28.9,30.9
156.5,290,Sabancı University,Turkey,41.7–44.2,53.1,97.3,68.6,29.6,33
224.4,291,Shanghai University,China,41.7–44.2,75.5,47.8,63.1,26.4,25.6
227.7,292,Simon Fraser University,Canada,41.7–44.2,69.2,55.8,96.9,24,20.9
209.4,293,University of South Carolina-Columbia,United States,41.7–44.2,85.8,39.2,59.4,23.6,24.8
225.5,294,University of St Andrews,United Kingdom,41.7–44.2,65.4,58.8,95.7,18.6,33
209.6,295,Sumy State University,Ukraine,41.7–44.2,65.1,18.6,55.6,17.2,30.7
226.7,296,Tampere University,Finland,41.7–44.2,86,75.3,32,31.1,16.7
247.3,297,University of Tehran,Iran,41.7–44.2,84.3,78.6,39.3,25.5,24.4
199.4,298,University of Turin,Italy,41.7–44.2,88.8,53.8,42.5,24.3,23.5
238.9,299,University of Turku,Finland,41.7–44.2,82.1,71.6,42.1,29.7,20.8
230.8,300,Uppsala University,Sweden,41.7–44.2,61.7,59.4,50.6,37.9,29
184.8,301,University of Vaasa,Finland,41.7–44.2,89.3,53.1,59,25.3,19.4
217.9,302,Vrije Universiteit Brussel,Belgium,41.7–44.2,70.8,82.4,64.4,29.7,24.1
202.6,303,American University of Sharjah,United Arab Emirates,37.4–41.6,64.6,17.5,95.3,22,16.3
214.0,304,Auckland University of Technology,New Zealand,37.4–41.6,66.5,63.2,91.3,17.9,20.3
193.3,305,Bangor University,United Kingdom,37.4–41.6,62.3,63.8,88.6,16.1,22
204.0,306,University of Barcelona,Spain,37.4–41.6,53.4,50.5,52.5,28.4,31.9
252.1,307,University of Beira Interior,Portugal,37.4–41.6,84.6,64.6,45.4,23.3,21.1
228.3,308,University of Bergamo,Italy,37.4–41.6,82.7,52.4,45.7,21.8,14.6
222.4,309,Bilkent University,Turkey,37.4–41.6,66.6,70.3,56.8,20.3,26.2
194.2,310,University of Campinas,Brazil,37.4–41.6,49.3,75.4,35.4,33.2,30.6
233.2,311,University of Castilla-La Mancha,Spain,37.4–41.6,85.3,66,40,12.7,19.5
215.8,312,Central Queensland University,Australia,37.4–41.6,67.5,84.9,75.5,24.2,15.2
200.8,313,Chung-Ang University,South Korea,37.4–41.6,55.2,77,74.5,21.6,24.4
237.2,314,University of Coimbra,Portugal,37.4–41.6,73.5,83.1,40.6,25.2,20.5
204.8,315,COMSATS University Islamabad,Pakistan,37.4–41.6,90.3,39.3,50.7,13.9,22
239.5,316,Concordia University,Canada,37.4–41.6,66.1,67.3,83.9,15.9,18.8
207.0,317,Coventry University,United Kingdom,37.4–41.6,77,30.9,94.2,13.7,23.6
217.7,318,CY Cergy Paris University,France,37.4–41.6,40.1,41.9,93.8,25,32.9
211.1,319,Dalhousie University,Canada,37.4–41.6,70.2,54.6,91.7,20.7,17.2
218.1,320,University of Derby,United Kingdom,37.4–41.6,88.8,17.5,87.1,11.4,16
231.2,321,Drexel University,United States,37.4–41.6,80.9,67.6,76.1,14.9,17
202.0,322,East China Normal University,China,37.4–41.6,64.4,51.7,66.8,24.1,24.8
226.6,323,École des Ponts ParisTech,France,37.4–41.6,50.5,57,89.8,20.4,28.2
219.4,324,Florida International University,United States,37.4–41.6,70.5,67.1,51.7,21.8,19.5
223.9,325,Florida State University,United States,37.4–41.6,71.8,67.8,49.8,28.7,21
194.4,326,University of Galway,Ireland,37.4–41.6,78.8,67.5,65.4,19.5,21.7
221.3,327,University of Gothenburg,Sweden,37.4–41.6,62.4,57.1,50.4,32.1,25.8
219.2,328,University of Greenwich,United Kingdom,37.4–41.6,86.4,30.1,96.7,13.4,14.4
181.4,329,University of Guelph,Canada,37.4–41.6,67.3,65.7,65.8,20.6,19.8
205.1,330,University of Hawai’i at Mānoa,United States,37.4–41.6,59,65.3,79.7,19.9,22.3
246.0,331,Hebrew University of Jerusalem,Israel,37.4–41.6,53.1,67.4,43.8,30.1,29.8
205.2,332,Hunan University,China,37.4–41.6,89.3,71.4,44,16.6,22.3
217.7,333,University of Illinois Chicago,United States,37.4–41.6,71.9,62.6,65.4,19.3,22.2
209.2,334,Iran University of Science and Technology,Iran,37.4–41.6,79.2,49.9,30.1,22.2,19.7
209.9,335,ISCTE-University Institute of Lisbon,Portugal,37.4–41.6,68.2,66.1,46,24.8,22.5
179.4,336,James Cook University,Australia,37.4–41.6,64.4,81,76.5,24.1,21.8
235.4,337,Jiangsu University,China,37.4–41.6,85.9,39,69.5,10.8,19.6
228.3,338,Jinan University,China,37.4–41.6,76,44.8,79.1,17.8,16.4
221.0,339,Jönköping University,Sweden,37.4–41.6,65.9,36,82,25.3,21.6
211.6,340,University of Jyväskylä,Finland,37.4–41.6,78.5,64.9,39.3,27.2,19.7
239.7,341,Universiti Kebangsaan Malaysia,Malaysia,37.4–41.6,46.4,45.2,57.6,30.2,33.6
205.8,342,King Saud University,Saudi Arabia,37.4–41.6,82.8,68.4,71.8,12.4,15.3
199.0,343,Kingston University,United Kingdom,37.4–41.6,65.1,53.8,93.5,15.9,18.8
219.5,344,University of Klagenfurt,Austria,37.4–41.6,84.3,39.7,79.7,17.3,19.9
82.0,345,Kyushu University,Japan,37.4–41.6,70.1,61.3,48.6,31.6,22.6
246.8,346,Université Laval,Canada,37.4–41.6,64.1,71.7,78.8,25.1,25.2
213.2,347,University of Lincoln,United Kingdom,37.4–41.6,88,17.8,87.4,12.6,13.9
232.9,348,University of Lisbon,Portugal,37.4–41.6,61.8,63.9,45.5,27.8,22.3
245.0,349,University of Luxembourg,Luxembourg,37.4–41.6,61.9,39.1,90.8,27.7,24.5
224.4,350,Lviv Polytechnic National University,Ukraine,37.4–41.6,29.5,17.7,26.1,8.7,19.1
212.1,351,University of Macau,Macao,37.4–41.6,65.3,68.4,85,28.1,18.6
236.2,352,Universiti Malaysia Pahang Al-Sultan Abdullah (UMPSA),Malaysia,37.4–41.6,81,42.9,71.1,18.2,19.6
224.5,353,Manchester Metropolitan University,United Kingdom,37.4–41.6,78,67.9,71.4,15.6,16.7
171.4,354,Massey University,New Zealand,37.4–41.6,70.3,65.4,89.7,19.6,20.1
240.1,355,University of Messina,Italy,37.4–41.6,87.3,70.6,50.4,16.1,20.4
229.4,356,Middle East Technical University,Turkey,37.4–41.6,58.1,65.9,59.2,28.9,31.7
209.1,357,Missouri University of Science and Technology,United States,37.4–41.6,76.5,65.8,75.6,18.3,15.9
228.7,358,Nanjing University of Aeronautics and Astronautics,China,37.4–41.6,80.4,81.7,42.4,20,21.7
203.9,359,Nantes Université,France,37.4–41.6,76.9,18,55.1,21.4,23.4
198.4,360,National Taiwan University of Science and Technology (Taiwan Tech),Taiwan,37.4–41.6,61.4,91.5,62.8,24.4,24.2
186.8,361,National Tsing Hua University,Taiwan,37.4–41.6,50.6,91.5,54.3,33,26
199.6,362,"University of Nevada, Las Vegas",United States,37.4–41.6,64.2,67.4,43.1,23.4,26.7
183.0,363,Northumbria University,United Kingdom,37.4–41.6,73.4,29.5,89.8,16.4,19.7
218.8,364,Northwestern Polytechnical University,China,37.4–41.6,69.8,81.4,54.8,22.7,19.7
211.1,365,Otto von Guericke University of Magdeburg,Germany,37.4–41.6,87.7,37,64.2,15,15.5
170.4,366,University of Oulu,Finland,37.4–41.6,87.9,39,44.4,27.1,16.7
231.8,367,Oxford Brookes University,United Kingdom,37.4–41.6,59.1,17.5,84.5,25.7,32.4
210.7,368,Pontificia Universidad Católica de Chile,Chile,37.4–41.6,62.4,49,61.3,26.9,19.3
223.2,369,University of Pretoria,South Africa,37.4–41.6,63.4,35.9,56.8,26.9,27
217.2,370,Prince Sultan University (PSU),Saudi Arabia,37.4–41.6,76.4,47.1,79,16.3,15
220.0,371,Qatar University,Qatar,37.4–41.6,77,25.7,83.2,25.2,18.7
242.6,372,Quaid-i-Azam University,Pakistan,37.4–41.6,86.9,17.5,50.8,15.2,18.3
198.5,373,Queen’s University,Canada,37.4–41.6,63.8,71.6,79.5,16.9,24.6
206.6,374,Queen’s University Belfast,United Kingdom,37.4–41.6,74,19.2,95.7,21.8,15.8
238.4,375,"Royal Holloway, University of London",United Kingdom,37.4–41.6,75.6,48.6,93.4,18.7,18.5
182.2,376,Rutgers University – New Brunswick,United States,37.4–41.6,64.8,67.4,65,26,24.4
215.6,377,Sharif University of Technology,Iran,37.4–41.6,67.8,81.9,38.6,28.9,20.8
229.9,378,Shenzhen University,China,37.4–41.6,83,67.1,52.9,17,18.2
184.6,379,South China University of Technology,China,37.4–41.6,73.1,96.5,52.1,20.9,21.4
216.8,380,University of Southern Queensland,Australia,37.4–41.6,73.7,38,70.3,16.5,24.3
213.2,381,Southern University of Science and Technology (SUSTech),China,37.4–41.6,68.1,45.1,67.8,25.6,28
219.7,382,University of South Florida,United States,37.4–41.6,72.7,73.5,70.5,21.7,20.9
210.3,383,South Ural State University,,37.4–41.6,91.3,19.3,60.2,11.4,17.8
220.6,384,University of Stavanger,Norway,37.4–41.6,87.2,33.8,78,16.6,15.5
198.3,385,University of Stirling,United Kingdom,37.4–41.6,70.3,53,87.5,19.1,21.9
227.7,386,Sunway University,Malaysia,37.4–41.6,83.6,18.3,71,11.7,23.5
198.8,387,Università della Svizzera italiana,Switzerland,37.4–41.6,62.3,39.3,96,19.2,19.2
226.5,388,Tallinn University of Technology,Estonia,37.4–41.6,78.2,52.3,62.1,20.6,15.5
203.1,389,University of Tartu,Estonia,37.4–41.6,77.7,61.6,57,23.4,23.1
223.8,390,University of Tasmania,Australia,37.4–41.6,67,36.9,86.1,20.3,21.4
239.1,391,Tel Aviv University,Israel,37.4–41.6,59.3,67.4,59.1,34.8,24.1
223.1,392,The University of Tennessee-Knoxville,United States,37.4–41.6,77.9,48.1,46.8,25.5,17.4
215.9,393,University of Texas at Dallas,United States,37.4–41.6,61.7,68.8,65.4,31.8,18.1
242.0,394,University of Trento,Italy,37.4–41.6,69.9,51.4,47.7,29.8,20.2
246.6,395,TU Dortmund University,Germany,37.4–41.6,55.5,97.7,40.8,32.5,26.8
197.2,396,University of Utah,United States,37.4–41.6,79.3,64.3,41,18.5,21.3
212.8,397,Victoria University,Australia,37.4–41.6,51.7,69.1,76.3,26.7,24.7
201.5,398,University of Victoria,Canada,37.4–41.6,73.5,53.7,93.3,18.6,14.4
211.6,399,Victoria University of Wellington,New Zealand,37.4–41.6,58.4,57.4,82.1,25.2,22.2
195.7,400,Vilnius Gediminas Technical University (Vilnius Tech),Lithuania,37.4–41.6,64,71.4,58.9,21.6,24.3
194.1,401,Western Sydney University,Australia,37.4–41.6,73.1,63,87,18.9,17.9
213.7,402,University of Windsor,Canada,37.4–41.6,83.5,55,90.7,17.4,16.1
185.5,403,University of the Witwatersrand,South Africa,37.4–41.6,63.5,50,59.1,24.6,25.3
175.2,404,Åbo Akademi University,Finland,34.2–37.3,65.8,69.1,59.5,18.4,17.4
240.7,405,American University,United States,34.2–37.3,62.1,64,59.5,15.9,19.5
166.9,406,American University of Beirut,Lebanon,34.2–37.3,63.8,67.3,64.7,15.8,16.3
226.6,407,Anglia Ruskin University (ARU),United Kingdom,34.2–37.3,74.3,17.5,92,11.9,12.4
228.9,408,University of Arkansas,United States,34.2–37.3,64.7,74.9,33.3,21.2,18
180.0,409,Auburn University,United States,34.2–37.3,66.6,72.8,52.5,21.8,19.3
203.6,410,Baylor University,United States,34.2–37.3,82.4,57,32.9,13.2,21.5
160.9,411,Bond University,Australia,34.2–37.3,56.8,19.3,83.1,16,23.8
219.2,412,University of Brighton,United Kingdom,34.2–37.3,72.6,67.9,87.5,12.7,13.8
207.2,413,Universiti Brunei Darussalam,Brunei Darussalam,34.2–37.3,48.4,25.5,66.3,26.7,22.6
223.8,414,University at Buffalo,United States,34.2–37.3,68.9,68.9,74.2,14.6,19.9
151.6,415,University of Canberra,Australia,34.2–37.3,58.6,60.8,87.4,22.1,17.6
224.5,416,University of Cape Coast,Ghana,34.2–37.3,81.3,40.8,39.6,18.3,15.9
238.1,417,University of Chile,Chile,34.2–37.3,56.9,69.5,57.2,20,20.4
210.3,418,China University of Petroleum (East China),China,34.2–37.3,88,33.9,27.2,11.8,16.5
181.1,419,Chonnam National University,South Korea,34.2–37.3,57.3,84.1,58.5,19.3,19.6
155.7,420,Chulalongkorn University,Thailand,34.2–37.3,47.2,89,45.1,25.9,24.4
215.8,421,"Colorado State University, Fort Collins",United States,34.2–37.3,68.6,67,42.2,16.7,18
180.7,422,University of Connecticut,United States,34.2–37.3,61.9,68.5,74.2,19.2,20.3
215.2,423,Covenant University,Nigeria,34.2–37.3,55,28.3,43.4,24.9,34.5
201.8,424,De Montfort University,United Kingdom,34.2–37.3,80.5,38,94.6,11.4,11.2
202.2,425,Donghua University,China,34.2–37.3,58.5,99.1,59.5,21,16.9
172.8,426,University of Dundee,United Kingdom,34.2–37.3,61.4,38.1,94.3,16.5,21.6
203.7,427,Universidade Federal do Rio Grande do Sul,Brazil,34.2–37.3,64.5,67.6,30.9,18.1,24.4
204.6,428,Universidade Federal de Santa Catarina,Brazil,34.2–37.3,66,35.7,32.5,21.5,23
205.2,429,Ferdowsi University of Mashhad,Iran,34.2–37.3,62.9,86.2,45.1,21.6,19.8
174.9,430,University of Ferrara,Italy,34.2–37.3,75.8,52.5,35.3,17.1,20.2
187.5,431,Florida Atlantic University,United States,34.2–37.3,66.7,68.8,56.2,23.5,16.2
163.0,432,University of Fribourg,Switzerland,34.2–37.3,42.4,59.7,77.3,22.4,28
189.5,433,George Mason University,United States,34.2–37.3,55.3,63.7,59.8,23.4,25
177.1,434,University of Ghana,Ghana,34.2–37.3,60.2,47.6,37.6,27.4,22.6
200.9,435,Government College University Faisalabad,Pakistan,34.2–37.3,79.5,64.8,49.1,10.3,13.4
176.7,436,Hasselt University,Belgium,34.2–37.3,56.6,57.8,65.6,24.6,21.8
187.0,437,University of Houston,United States,34.2–37.3,65.9,67.5,49,22.8,18.8
187.2,438,University of Indonesia,Indonesia,34.2–37.3,31.9,58,56.5,28.5,38.8
199.7,439,Inha University,South Korea,34.2–37.3,67.9,38.7,65.1,15.8,19.1
202.9,440,Jamia Millia Islamia,India,34.2–37.3,73.8,49.1,28.8,11.3,28.3
197.1,441,The University of Jordan,Jordan,34.2–37.3,80.6,55.6,42.9,10.4,17.6
204.4,442,Keio University,Japan,34.2–37.3,39.8,68.8,44.5,24,35.9
212.0,443,University of Kentucky,United States,34.2–37.3,63.1,67.5,50.1,20.2,16.8
199.7,444,University of Kiel,Germany,34.2–37.3,59.3,33.5,58.2,25.7,23.7
155.4,445,Kwame Nkrumah University of Science and Technology,Ghana,34.2–37.3,60.5,50,47.5,29,18.3
194.9,446,Lahore University of Management Sciences,Pakistan,34.2–37.3,76.5,46.3,52.5,11.9,23.2
198.2,447,Lehigh University,United States,34.2–37.3,64.3,48.1,72.2,15.1,17.6
230.1,448,Leibniz University Hannover,Germany,34.2–37.3,54.3,78,41.4,29.2,24.8
228.1,449,University of Liège,Belgium,34.2–37.3,61.8,49.5,62.3,23.5,15.1
205.0,450,University of Limerick,Ireland,34.2–37.3,58.7,68.1,56.9,20.7,19.3
190.8,451,Liverpool John Moores University,United Kingdom,34.2–37.3,78.4,41.3,81,11.3,15
215.6,452,Louisiana State University,United States,34.2–37.3,68.1,68.1,45.8,17.7,18
216.8,453,University of Malta,Malta,34.2–37.3,82,17.5,37.3,18.6,17.6
169.2,454,University of Manitoba,Canada,34.2–37.3,57.1,49.9,66,21.9,21.4
188.2,455,Mansoura University,Egypt,34.2–37.3,83.4,37.5,66.7,10.6,17.1
214.5,456,Maynooth University,Ireland,34.2–37.3,69.7,72.2,70,18.2,13.3
207.6,457,Memorial University of Newfoundland,Canada,34.2–37.3,66,63.2,81.7,17.2,13.5
203.0,458,Middlesex University,United Kingdom,34.2–37.3,66.7,30.7,93.7,13.9,18.1
213.9,459,University of Milan,Italy,34.2–37.3,66.1,50,50.2,24.5,15.2
194.8,460,University of Minho,Portugal,34.2–37.3,55,95.9,40.2,24.5,18.6
227.0,461,Murdoch University,Australia,34.2–37.3,68.1,41.6,91.5,15.6,15.2
219.6,462,Nanjing Forestry University,China,34.2–37.3,77.4,38.3,37.4,16.1,19.4
174.0,463,University of Naples Federico II,Italy,34.2–37.3,68.5,70.5,29.3,19.9,21.8
197.2,464,National Cheng Kung University (NCKU),Taiwan,34.2–37.3,42.9,95.5,44.4,31.7,21.4
217.1,465,National University of Sciences and Technology,Pakistan,34.2–37.3,75.8,60.3,55,16.5,18.3
185.9,466,National Sun Yat-Sen University,Taiwan,34.2–37.3,52.5,75.7,49.6,25.2,26.7
176.3,467,National Yang Ming Chiao Tung University,Taiwan,34.2–37.3,41.5,98.4,44.5,29.5,25.2
208.0,468,University of Nebraska-Lincoln,United States,34.2–37.3,61.5,53.4,58.4,21.5,16.4
191.8,469,University of New Brunswick UNB,Canada,34.2–37.3,55.9,68.4,86.7,16,15.3
185.8,470,New Jersey Institute of Technology,United States,34.2–37.3,57,67.5,82.2,12.9,18.9
186.0,471,Norwegian University of Life Sciences,Norway,34.2–37.3,71.1,26.4,59.3,17.2,23.2
175.4,472,Nottingham Trent University,United Kingdom,34.2–37.3,71.2,26.9,87.4,11.7,20.1
210.8,473,Oklahoma State University,United States,34.2–37.3,75.3,71.1,55.2,15.5,15.5
224.6,474,Old Dominion University,United States,34.2–37.3,75.3,52.1,41.2,17.3,14.7
174.1,475,Parthenope University of Naples,Italy,34.2–37.3,89.5,34,35.5,17.3,16.1
186.8,476,University of Pavia,Italy,34.2–37.3,67.8,67.5,49.1,23.6,19
177.1,477,Pontifical Catholic University of Rio de Janeiro (PUC-Rio),Brazil,34.2–37.3,59.2,70.3,34.1,28.2,25.6
208.5,478,University of Porto,Portugal,34.2–37.3,57.5,64,38.9,25.4,23.2
178.0,479,Pukyong National University,South Korea,34.2–37.3,71.3,49.7,53.9,11.1,20.7
197.9,480,Qingdao University,China,34.2–37.3,89.8,30,43.7,11.9,12.7
213.9,481,Université du Québec,Canada,34.2–37.3,53,66.9,67.4,23.5,25.4
237.8,482,Rensselaer Polytechnic Institute,United States,34.2–37.3,54.8,72,80,17.8,23.9
169.2,483,Roskilde University,Denmark,34.2–37.3,54.1,36.4,52.5,31.1,18.2
183.5,484,University of Salamanca,Spain,34.2–37.3,71.6,48.1,49.9,17.2,19.9
210.2,485,University of Salento,Italy,34.2–37.3,82.2,48.6,29,17.3,19.5
193.2,486,Shiraz University,Iran,34.2–37.3,76.2,83.7,30.3,18.3,18.9
191.8,487,University of Siegen,Germany,34.2–37.3,60.9,43.6,51.6,21.9,22
192.8,488,Southeast University,China,34.2–37.3,70.9,54.9,52.3,19.8,20.7
208.6,489,Stevens Institute of Technology,United States,34.2–37.3,65.1,48.7,85.6,14.5,17.4
181.2,490,Stony Brook University,United States,34.2–37.3,58.1,74.6,86.2,18.9,16.3
188.1,491,Tomas Bata University in Zlín,Czech Republic,34.2–37.3,66.4,19.3,59,24.5,21.3
186.5,492,Ton Duc Thang University,Vietnam,34.2–37.3,88.1,25.3,58.4,11.7,8.3
137.2,493,Toronto Metropolitan University,Canada,34.2–37.3,63,55.5,66.3,25.4,16.5
204.0,494,University of Tunis El Manar,Tunisia,34.2–37.3,59.5,64.5,48.9,20.3,22.3
172.0,495,University of Tuscia,Italy,34.2–37.3,75,66.9,30.9,19,16.4
172.6,496,University of Udine,Italy,34.2–37.3,76.6,61.5,38,16.7,15.2
179.1,497,Ulsan National Institute of Science and Technology (UNIST),South Korea,34.2–37.3,49.7,79.4,50.6,28.9,24.5
158.0,498,Universiti Malaysia Terengganu (UMT),Malaysia,34.2–37.3,68.9,43,51.8,17.5,17.3
181.5,499,University of Valencia,Spain,34.2–37.3,65.5,59.3,41.1,22.2,25.3
191.3,500,Wake Forest University,United States,34.2–37.3,69.2,57.3,41.6,18.4,19.9
167.1,501,Waseda University,Japan,34.2–37.3,42.3,21.3,47.2,26.4,35
141.0,502,University of the West of England,United Kingdom,34.2–37.3,79.1,29.2,82.7,13,14.7
183.0,503,The University of Alabama,United States,31.3–34.1,64.2,57.8,29.4,20.6,16.5
182.1,504,University of Alicante,Spain,31.3–34.1,57.3,59.4,41.2,14.7,23
208.7,505,Aligarh Muslim University,India,31.3–34.1,62.7,65.2,34.4,16.8,24.4
195.2,506,Amity University,India,31.3–34.1,79.2,37.2,31.5,10.1,20.8
177.3,507,Athens University of Economics and Business,Greece,31.3–34.1,50.3,61.1,46.4,23.7,19.4
183.5,508,Autonomous University of Madrid,Spain,31.3–34.1,51.7,72.1,49,18.5,26.2
169.9,509,Babeş-Bolyai University,Romania,31.3–34.1,71.9,47.3,34.3,13.6,14.1
160.5,510,Banaras Hindu University,India,31.3–34.1,61.3,36.4,23.8,19.5,25.8
162.8,511,Boğaziçi University,Turkey,31.3–34.1,52.2,64.6,44.7,21.5,24.9
196.6,512,University of Brescia,Italy,31.3–34.1,76.5,50.6,40.7,14.3,14
122.0,513,Brno University of Technology,Czech Republic,31.3–34.1,67.8,67.6,58.7,14.6,12.1
145.4,514,Carleton University,Canada,31.3–34.1,50,45.8,79.8,19.6,14.1
166.7,515,University of Catania,Italy,31.3–34.1,60.9,66.2,34,16.2,19.2
181.3,516,Catholic University of Portugal,Portugal,31.3–34.1,60.5,34.6,72.3,16.1,15.8
174.5,517,Changsha University of Science and Technology,China,31.3–34.1,78.8,42.3,37.8,11,11.6
183.6,518,"China University of Petroleum, Beijing",China,31.3–34.1,56.5,40.6,47.4,18.5,18.8
173.5,519,Complutense University of Madrid,Spain,31.3–34.1,42,49.2,46.3,23,31.8
163.0,520,Cyprus University of Technology,Cyprus,31.3–34.1,72,17.5,56.3,17,15
138.6,521,University of Delaware,United States,31.3–34.1,67.2,54.6,60.6,14.2,16.4
188.8,522,University of Delhi,India,31.3–34.1,42.8,33.1,21.4,24.7,33.8
177.1,523,University of Deusto,Spain,31.3–34.1,57.8,23,40.1,24.5,18.3
154.9,524,Duy Tan University,Vietnam,31.3–34.1,84.3,18.9,55.6,7.9,8.1
207.2,525,East China University of Science and Technology,China,31.3–34.1,70.8,52.4,46.1,12,11.8
169.6,526,University of Eastern Finland,Finland,31.3–34.1,65,50.6,38.6,20.3,14
196.1,527,Edinburgh Napier University,United Kingdom,31.3–34.1,64.9,17.5,88.4,12.8,14.5
153.1,528,Universidade Estadual Paulista (Unesp),Brazil,31.3–34.1,53.5,56,35,29,17.9
171.9,529,Ewha Womans University,South Korea,31.3–34.1,36.6,50,50.8,25.6,24.5
183.7,530,Financial University under the Government of the Russian Federation,,31.3–34.1,38,46.2,28.7,25.7,32.9
169.2,531,University of Florence,Italy,31.3–34.1,62.8,63.6,40.3,22.1,12.1
179.7,532,Fujian Agriculture and Forestry University,China,31.3–34.1,68.7,50,39.8,18.6,13.7
158.7,533,Universitas Gadjah Mada,Indonesia,31.3–34.1,29.6,50,44.7,30.6,29.4
148.0,534,Glasgow Caledonian University,United Kingdom,31.3–34.1,66.6,61.3,67.5,11.8,14.6
166.5,535,University of Graz,Austria,31.3–34.1,57.4,32.4,65,14.8,25.1
132.4,536,Université Grenoble Alpes,France,31.3–34.1,55.9,67.4,53.9,18.9,18.6
181.0,537,Guangzhou University,China,31.3–34.1,78.6,23.1,42.8,8.6,15.8
147.2,538,University of Haifa,Israel,31.3–34.1,57.8,67.2,27.2,19.7,20.1
153.6,539,Huaqiao University,China,31.3–34.1,66.4,20.5,86.7,10.1,12.6
225.3,540,Institut Agro,France,31.3–34.1,34.8,63.9,46.4,24.1,28.4
179.8,541,University of Insubria,Italy,31.3–34.1,65.2,56,43.2,15.3,18
180.0,542,The Islamia University of Bahawalpur,Pakistan,31.3–34.1,80.1,18.7,49.9,10,12.5
170.0,543,Istanbul Medipol University,Turkey,31.3–34.1,83.4,17.5,35.7,11.4,11.6
149.8,544,University of Jaén,Spain,31.3–34.1,67.9,38.8,48.4,11.4,17.6
204.4,545,Jagiellonian University,Poland,31.3–34.1,49.1,17.5,37,28.8,20
214.4,546,Karlstad University,Sweden,31.3–34.1,62.9,36.1,65.7,16.3,15.3
158.4,547,Kobe University,Japan,31.3–34.1,32.5,45,44.6,25.1,32.5
197.1,548,Konkuk University,South Korea,31.3–34.1,49.4,25.2,61,18,23.9
183.9,549,Kyungpook National University,South Korea,31.3–34.1,53.3,97.7,55.4,18.9,19
197.1,550,University of Lahore,Pakistan,31.3–34.1,77.1,41.8,51.2,9.7,17.4
175.2,551,Leeds Beckett University,United Kingdom,31.3–34.1,71.6,31.1,63.5,13.8,14.5
201.5,552,University of Leicester,United Kingdom,31.3–34.1,51.2,17.4,85.2,16.2,21.4
195.4,553,Lovely Professional University,India,31.3–34.1,76.4,24.8,38.4,10.2,15.6
183.9,554,Mahidol University,Thailand,31.3–34.1,53.9,71.1,54.3,25.1,15
162.9,555,Universiti Malaysia Sarawak (UNIMAS),Malaysia,31.3–34.1,36.5,94.2,62.1,21.6,21.8
152.0,556,University of Management and Technology,Pakistan,31.3–34.1,76.2,21.4,51.9,8.9,13.2
207.4,557,Marche Polytechnic University,Italy,31.3–34.1,58.3,82,36.3,20.5,17.1
172.3,558,University of Milan-Bicocca,Italy,31.3–34.1,58.9,70.3,39,15.7,18.8
164.9,559,Mizzou - University of Missouri,United States,31.3–34.1,61.3,66.6,50.1,19.1,16.4
139.9,560,Nanjing University of Information Science and Technology,China,31.3–34.1,86.7,26.5,50.9,11.1,9.4
198.4,561,Nanjing Normal University,China,31.3–34.1,75,74.2,40.6,11.7,12.2
192.8,562,National Chengchi University,Taiwan,31.3–34.1,33,89.3,46.3,26.8,27.5
179.8,563,University of North Carolina at Charlotte,United States,31.3–34.1,61.5,66.7,39.9,15.8,18
162.0,564,"Northeastern University, China",China,31.3–34.1,77.3,54.8,37.1,11.7,18.3
174.5,565,North South University,Bangladesh,31.3–34.1,81.3,17.5,55.7,8.4,10.5
167.7,566,North-West University,South Africa,31.3–34.1,75.6,18.1,47.3,11,17.8
188.0,567,Ontario Tech University,Canada,31.3–34.1,65.3,58.3,66.2,17.6,10.5
163.3,568,University of Oregon,United States,31.3–34.1,56.4,50.9,39,26,17.8
180.3,569,University of Pisa,Italy,31.3–34.1,66.2,37.1,39.7,21.9,16.4
152.2,570,Plekhanov Russian University of Economics,,31.3–34.1,35.1,34.3,51.7,18.8,34.8
153.5,571,Polytechnic University of Valencia,Spain,31.3–34.1,57.6,68.4,51.5,20.9,17.9
171.7,572,Portland State University,United States,31.3–34.1,68.9,59.1,47.4,17.4,12
217.9,573,Prince Sattam Bin Abdulaziz University,Saudi Arabia,31.3–34.1,64,32.9,71.8,11.1,13.1
149.6,574,University of Puerto Rico,Puerto Rico,31.3–34.1,84.4,18.7,50,8.9,8.9
212.2,575,University of the Punjab,Pakistan,31.3–34.1,78.1,39.3,44.9,12.2,15.9
147.8,576,Qassim University,Saudi Arabia,31.3–34.1,43.4,32.8,75.3,16.2,30.4
157.7,577,University of Rhode Island,United States,31.3–34.1,56.8,58.4,55.9,16.9,15.4
170.4,578,University of Rome III,Italy,31.3–34.1,78.2,28.6,37.6,18.9,13
185.1,579,Rowan University,United States,31.3–34.1,74.7,47.2,48,10.4,11.1
191.0,580,RUDN University,,31.3–34.1,50.6,19.5,65.5,16.6,25.6
198.8,581,Rzeszów University of Technology,Poland,31.3–34.1,75.1,21.4,47.6,9.4,14.5
194.7,582,University of Salerno,Italy,31.3–34.1,69.4,45.1,39.9,17.3,15.7
153.7,583,University of Salford,United Kingdom,31.3–34.1,66.8,55.5,82.6,13,10.6
165.0,584,University of Santiago de Compostela,Spain,31.3–34.1,63.3,33.6,37.5,15.2,19.5
176.7,585,University of Saskatchewan,Canada,31.3–34.1,59.1,74.9,60,18.2,16.4
183.2,586,University of Seville,Spain,31.3–34.1,61.9,29.9,38.7,17.3,23
165.6,587,Shanghai Maritime University,China,31.3–34.1,79.9,24.9,44.2,8.7,12.5
201.7,588,Stellenbosch University,South Africa,31.3–34.1,37.9,61.8,43,27.7,22.9
154.1,589,University of the Sunshine Coast,Australia,31.3–34.1,58.6,41.2,67.5,17.8,15.9
197.3,590,University of Texas at Arlington,United States,31.3–34.1,59,67.8,49.5,14.7,18.1
173.2,591,Tulane University,United States,31.3–34.1,51.1,69.4,62.6,15.7,18.9
175.6,592,UiT The Arctic University of Norway,Norway,31.3–34.1,71.6,60,46.1,17,11.4
149.3,593,Umeå University,Sweden,31.3–34.1,51,21.3,57.3,24.1,16.9
133.0,594,University College Cork,Ireland,31.3–34.1,53.2,40.3,53.8,17.7,22.1
169.1,595,Wenzhou University,China,31.3–34.1,73.5,39.3,52.2,11.7,14.2
137.9,596,University of Wuppertal,Germany,31.3–34.1,43.9,72.6,43.3,23.4,21
118.1,597,Xi’an Jiaotong-Liverpool University,China,31.3–34.1,53.3,17.8,78,16.5,20.4
180.8,598,Yangzhou University,China,31.3–34.1,60.3,84.4,44.1,12.9,18.1
133.4,599,Yeungnam University,South Korea,31.3–34.1,61.7,25.9,51.9,14.6,18.7
129.6,600,Yıldız Technical University,Turkey,31.3–34.1,54.5,84.7,37.9,20.2,22.8
160.4,601,Zhejiang University of Finance and Economics,China,31.3–34.1,76.4,49.4,37.7,9.7,13.8
162.7,602,Zhejiang Gongshang University,China,31.3–34.1,66.4,41.2,55.2,12.8,22.1
143.2,603,University of Žilina,Slovakia,31.3–34.1,71.4,29.6,34.3,14,22.1
163.9,604,Adolfo Ibáñez University,Chile,23.0–31.2,43.4,18.1,62.1,9.4,13.4
168.3,605,University of the Aegean,Greece,23.0–31.2,49.3,71.2,30.4,18.2,17
155.6,606,AGH University of Krakow,Poland,23.0–31.2,33.3,61,28,15.6,19.4
135.1,607,Universitas Airlangga,Indonesia,23.0–31.2,35,18.5,47.4,17.2,28
128.9,608,Aix-Marseille University,France,23.0–31.2,36.2,58.7,68.9,17,21.6
125.4,609,University of Alcalá,Spain,23.0–31.2,43.1,34.7,44,11.6,19.3
174.6,610,Al-Farabi Kazakh National University,Kazakhstan,23.0–31.2,32.7,33,52.1,11.8,20
139.0,611,University of Algarve,Portugal,23.0–31.2,63.9,27.5,52,17,11.4
130.8,612,University of Almería,Spain,23.0–31.2,65.1,46.8,37.1,13.7,17.1
149.6,613,Amedeo Avogadro University of Eastern Piedmont,Italy,23.0–31.2,45.4,39.5,45.4,12.9,6.7
95.1,614,American University in Cairo,Egypt,23.0–31.2,29.7,43.7,67.5,23,17.4
115.9,615,"University of the Andes, Colombia",Colombia,23.0–31.2,46.1,35.3,59.4,15.9,22.1
174.7,616,University of Applied Sciences and Arts of Western Switzerland,Switzerland,23.0–31.2,33.1,39.6,82.2,13.4,16.5
169.1,617,Bahçeşehir University,Turkey,23.0–31.2,47.9,38.6,52.8,16.3,17.7
172.5,618,University of the Balearic Islands,Spain,23.0–31.2,53.4,17.7,55.5,8.5,17.8
123.0,619,Bandung Institute of Technology (ITB),Indonesia,23.0–31.2,30.4,33.8,45.2,19.5,17.2
156.9,620,University of Bari Aldo Moro,Italy,23.0–31.2,61.3,20,32,12.1,13.6
166.3,621,Bar-Ilan University,Israel,23.0–31.2,40.8,75.3,40.3,18.2,12.9
161.3,622,University of the Basque Country,Spain,23.0–31.2,52.2,37.6,36,13.2,17.6
118.7,623,University of Belgrade,Serbia,23.0–31.2,47.4,30.9,30.2,22.3,14.1
164.0,624,Ben-Gurion University of the Negev,Israel,23.0–31.2,38.9,62.6,30.2,17.9,16.6
115.2,625,Bialystok University of Technology,Poland,23.0–31.2,29.3,18.2,29.8,17.8,25.3
149.9,626,BINUS University,Indonesia,23.0–31.2,42.8,23.4,35.7,14,18.6
165.3,627,Birmingham City University,United Kingdom,23.0–31.2,54.7,17.5,93.4,9.1,9.7
143.1,628,University of Bordeaux,France,23.0–31.2,41,63.3,50,14.8,14.4
164.0,629,Bowling Green State University,United States,23.0–31.2,55.9,63.6,39,14,11.5
168.6,630,University of Brasília,Brazil,23.0–31.2,30.7,46.8,26.5,19,25.4
204.2,631,University of Cadiz,Spain,23.0–31.2,50.4,61.2,33.9,11.4,11.2
171.4,632,Cairo University,Egypt,23.0–31.2,57.8,54.2,42.1,12.2,19.5
144.7,633,University of Calabria,Italy,23.0–31.2,57.5,48.6,39.4,15.8,12.7
190.6,634,University of Calcutta,India,23.0–31.2,41.8,44.1,19.5,13.3,28.8
199.9,635,"University of California, Riverside",United States,23.0–31.2,44.1,67.4,79.8,15.7,17.6
107.2,636,University of Campania Luigi Vanvitelli,Italy,23.0–31.2,70.9,51.7,34,7.4,13
144.2,637,University of Carthage,Tunisia,23.0–31.2,47.7,17.8,42.2,7.5,14.8
174.3,638,Università Cattolica del Sacro Cuore,Italy,23.0–31.2,48.6,37.7,43.4,20.2,23.9
108.3,639,University of Central Lancashire,United Kingdom,23.0–31.2,67.9,17.5,70.2,9.7,12.1
142.6,640,Central Michigan University,United States,23.0–31.2,43.5,48.3,39,12.3,13.5
151.1,641,Chaoyang University of Technology,Taiwan,23.0–31.2,57.4,48.8,46.4,11.4,10.6
122.2,642,Chapman University,United States,23.0–31.2,34.9,68.4,45.3,20,19.3
148.0,643,Charles Sturt University,Australia,23.0–31.2,47,68.4,76.2,12.6,13.4
138.1,644,Chiang Mai University,Thailand,23.0–31.2,47.3,68.9,41.1,14.1,13.1
143.5,645,Chung Yuan Christian University,Taiwan,23.0–31.2,34.8,53,42.4,14.5,14.8
158.4,646,University of Clermont Auvergne,France,23.0–31.2,38.9,69,71,11.7,18.1
152.2,647,University of Colorado Denver/Anschutz Medical Campus,United States,23.0–31.2,70.3,67,49.8,12.8,7.2
137.9,648,Comenius University in Bratislava,Slovakia,23.0–31.2,32.7,17.5,42.5,14.5,18.8
187.3,649,University of Córdoba,Spain,23.0–31.2,54.5,20.4,56.2,13.1,17.4
133.9,650,University of Cyprus,Cyprus,23.0–31.2,47.7,48.6,60.7,17.3,10.5
162.6,651,Delhi Technological University,India,23.0–31.2,57.2,17.5,18.4,15.2,12
144.3,652,University of Denver,United States,23.0–31.2,52.9,43.1,36,10.6,15.8
142.1,653,University of Dhaka,Bangladesh,23.0–31.2,68.4,23.4,49.7,9.6,15.6
178.9,654,Diponegoro University,Indonesia,23.0–31.2,18.4,50,34.6,19.2,24.5
176.2,655,Ege University,Turkey,23.0–31.2,46,58.8,30.7,12.5,19.3
147.2,656,Eötvös Loránd University,Hungary,23.0–31.2,52.4,37.7,35.7,12.3,9.2
96.3,657,Federal University of Minas Gerais,Brazil,23.0–31.2,32.1,57.4,29.7,24.3,29
152.9,658,Universidade Federal do Paraná (UFPR),Brazil,23.0–31.2,37.7,79.5,25.6,15.6,19.4
145.7,659,Federal University of Pernambuco,Brazil,23.0–31.2,36.6,78.2,23.3,14.1,17.1
134.2,660,Federal University of Rio de Janeiro,Brazil,23.0–31.2,36.5,42.9,32.6,25.9,29
157.5,661,Federation University Australia,Australia,23.0–31.2,46.3,43.1,85.1,12.8,17.2
154.7,662,University of Foggia,Italy,23.0–31.2,68.5,20.3,28.3,16.8,10.5
132.3,663,Fuzhou University,China,23.0–31.2,62.8,41.5,48.6,9.7,13.9
119.9,664,Gabriele d‘Annunzio University,Italy,23.0–31.2,58.2,40.7,34.5,10.9,15.4
134.5,665,Gdańsk University of Technology,Poland,23.0–31.2,62.1,23.6,39.7,16.7,15.1
159.7,666,University of Genoa,Italy,23.0–31.2,54.6,71.4,35.4,17.5,15.9
154.5,667,University of Girona,Spain,23.0–31.2,46.8,69.8,45.2,14.4,16.7
194.4,668,Guangdong University of Technology,China,23.0–31.2,65.1,33,39.3,9.8,13.4
151.4,669,Hacettepe University,Turkey,23.0–31.2,39.4,18.2,26.1,12.6,20
171.9,670,The Hashemite University,Jordan,23.0–31.2,64.8,28.6,45.6,13.9,8.5
169.9,671,University of Hertfordshire,United Kingdom,23.0–31.2,43.5,17.5,74.2,10.5,13.5
128.6,672,Hungarian University of Agriculture and Life Sciences,Hungary,23.0–31.2,43.4,17.5,63.3,10,17.3
134.4,673,University of Iceland,Iceland,23.0–31.2,47.6,47,37,25.9,13.6
107.6,674,Imam Abdulrahman Bin Faisal University,Saudi Arabia,23.0–31.2,59.1,17.7,67.8,10.1,13.2
141.4,675,Incheon National University,South Korea,23.0–31.2,40,36.3,44.5,11.5,20.2
149.9,676,"International Islamic University, Islamabad",Pakistan,23.0–31.2,65.4,17.5,50.8,10.5,17
168.6,677,University of Isfahan,Iran,23.0–31.2,46.8,25.5,31.5,16.1,19.2
154.2,678,Istanbul University,Turkey,23.0–31.2,48.2,34,31.8,20.5,19.8
115.6,679,ITMO University,,23.0–31.2,56.3,41.8,43.7,17.9,17.1
128.4,680,Jaume I University,Spain,23.0–31.2,57.5,35.4,45.9,15.7,19.4
114.8,681,Jiangnan University,China,23.0–31.2,56.4,86.8,35.3,15.9,9.4
200.3,682,Kangwon National University,South Korea,23.0–31.2,48.4,55.8,33.2,14,15.1
176.0,683,University of Kansas,United States,23.0–31.2,39.8,62.7,57.7,11.7,13.3
211.3,684,Kansas State University,United States,23.0–31.2,44.5,64.4,42.1,18.9,21.1
126.7,685,Kaunas University of Technology,Lithuania,23.0–31.2,46,23.8,37.2,21.6,21.4
115.3,686,Kazan Federal University,,23.0–31.2,42,22.2,59.4,10.8,30.8
126.7,687,Kharazmi University,Iran,23.0–31.2,41.6,18.3,38.5,9.2,19.7
160.3,688,Khon Kaen University,Thailand,23.0–31.2,41.8,43.2,44,12.4,10.7
153.3,689,KIIT University,India,23.0–31.2,36.7,65,29.7,18.5,26.9
129.1,690,King Faisal University,Saudi Arabia,23.0–31.2,58.4,28.8,73.3,8.1,13.7
156.9,691,Universiti Kuala Lumpur,Malaysia,23.0–31.2,47.1,42.4,54.8,9.9,21.4
169.5,692,University of KwaZulu-Natal,South Africa,23.0–31.2,37,18.7,35.1,24.8,26.7
123.7,693,University of Lagos,Nigeria,23.0–31.2,57,20.7,32.8,17.9,12.8
184.0,694,University of Las Palmas de Gran Canaria,Spain,23.0–31.2,51.9,17.5,32.2,13.2,18.1
183.8,695,University of Lille,France,23.0–31.2,51.3,67.9,68.2,12.9,17.1
133.4,696,University of Ljubljana,Slovenia,23.0–31.2,55.1,56.9,45,19,14.5
163.3,697,London South Bank University,United Kingdom,23.0–31.2,41.8,68.6,92.7,8.2,12.8
130.7,698,University of Lorraine,France,23.0–31.2,37.2,17.5,58.1,13.9,13.5
179.2,699,"Lumière University, Lyon 2",France,23.0–31.2,34.8,33.9,58.6,14.1,11.4
100.6,700,University of Macerata (UNIMC),Italy,23.0–31.2,36.4,17.6,47.6,13.7,18.6
119.0,701,Makerere University,Uganda,23.0–31.2,34.5,21.2,50.9,20.1,18.9
76.3,702,University of Malaga,Spain,23.0–31.2,45.8,67.7,35.4,11.4,14.1
99.6,703,Manipal Academy of Higher Education,India,23.0–31.2,37.8,66.4,32.5,16.6,18.5
157.4,704,University of Manouba,Tunisia,23.0–31.2,55.5,26.4,39.8,7.4,16.1
137.5,705,Masaryk University,Czech Republic,23.0–31.2,41.9,34.8,59.8,20.4,16.9
135.0,706,University of Memphis,United States,23.0–31.2,53.3,64.7,38.2,13.3,14.1
179.2,707,Mendel University in Brno,Czech Republic,23.0–31.2,30.7,21.6,50.6,20.8,18.4
123.8,708,Mississippi State University,United States,23.0–31.2,64.9,67.4,37.8,13.9,13.6
171.9,709,University of Modena and Reggio Emilia,Italy,23.0–31.2,57.8,71.7,38.8,15.5,17
162.5,710,Montana State University,United States,23.0–31.2,47.9,38.4,34.4,12.7,13.1
115.4,711,University of Murcia,Spain,23.0–31.2,51.3,63.1,34.5,14.4,18.9
115.8,712,National Autonomous University of Mexico,Mexico,23.0–31.2,25.5,42.6,39.9,22.7,23.5
134.0,713,National Chung Hsing University,Taiwan,23.0–31.2,45.1,69.4,44.3,20.4,19.1
155.0,714,National University of Life and Environmental Sciences of Ukraine,Ukraine,23.0–31.2,55.8,17.5,19.4,7.9,15
151.2,715,National Taichung University of Science and Technology,Taiwan,23.0–31.2,50.9,32.7,27.7,7.7,14.4
179.4,716,National Technical University Kharkiv Polytechnic Institute,Ukraine,23.0–31.2,14.4,18.7,34.3,8.9,18.5
130.6,717,National Technical University of Ukraine – Igor Sikorsky Kyiv Polytechnic Institute,Ukraine,23.0–31.2,23.2,44.4,19.4,12.6,20.6
175.9,718,Nazarbayev University,Kazakhstan,23.0–31.2,48.6,17.5,73.4,17.9,18.9
114.5,719,New Mexico State University (Main campus),United States,23.0–31.2,34.8,50.4,37.1,15.2,15.6
112.8,720,Nicolaus Copernicus University in Toruń,Poland,23.0–31.2,53.7,32.8,30.4,18.1,15.1
123.7,721,Northern Illinois University,United States,23.0–31.2,59.5,56.6,52.9,10.2,14.6
157.5,722,Obafemi Awolowo University,Nigeria,23.0–31.2,43.4,35.2,31.4,13.8,16.9
142.4,723,The Open University,United Kingdom,23.0–31.2,58.3,47,56.2,10.4,15.5
119.6,724,Open University of Catalonia,Spain,23.0–31.2,65,35.8,49,12.7,11.3
119.8,725,Örebro University,Sweden,23.0–31.2,46,18.9,34.3,16.2,16
128.2,726,University of Oviedo,Spain,23.0–31.2,45.5,21.5,34.6,14.2,16.2
171.1,727,Pablo de Olavide University,Spain,23.0–31.2,53.6,31.3,38.6,10.5,17.9
129.7,728,University of Palermo,Italy,23.0–31.2,59.8,35.5,39.3,20.4,15.1
141.1,729,Panjab University,India,23.0–31.2,52.4,64.3,20.9,13.6,23.1
136.0,730,Paris Nanterre University,France,23.0–31.2,30.3,67.3,67.3,14.5,14.6
154.6,731,University of Parma,Italy,23.0–31.2,45.6,39.2,31.6,14.2,10.8
126.5,732,University of Patras,Greece,23.0–31.2,67.8,64.9,32.6,10.6,10
165.1,733,UPES,India,23.0–31.2,47.3,18.4,36.8,12,23.7
162.5,734,Pontifical Catholic University of Peru,Peru,23.0–31.2,40.1,17.5,47.5,7.7,19.7
137.2,735,Pontifical Catholic University of Rio Grande do Sul (PUCRS),Brazil,23.0–31.2,54.4,25.2,30.6,13.5,24.3
129.9,736,Pontifícia Universidade Católica do Paraná,Brazil,23.0–31.2,50.9,67.4,27.6,11.6,25
143.6,737,Poznan University of Technology,Poland,23.0–31.2,42.7,45.8,41.3,12.6,17.7
97.6,738,University of Primorska,Slovenia,23.0–31.2,34.3,17.9,52.9,14.5,14.2
152.8,739,Prince of Songkla University,Thailand,23.0–31.2,46.1,23,40.6,10.1,12.4
158.8,740,Public University of Navarre,Spain,23.0–31.2,47,36.1,35.2,9.9,15.4
179.5,741,University of Regina,Canada,23.0–31.2,61.8,19.2,75.7,14.4,8.6
128.6,742,University Rey Juan Carlos,Spain,23.0–31.2,56.5,27.6,33.5,12.1,15.4
170.2,743,Rochester Institute of Technology,United States,23.0–31.2,58.4,17.5,50,15.2,21
113.8,744,Rovira i Virgili University,Spain,23.0–31.2,55.7,18,49.9,12.4,19.4
138.4,745,Saint Louis University,United States,23.0–31.2,61.7,17.7,62.3,12.9,14.7
181.7,746,Sakarya University,Turkey,23.0–31.2,54.5,31.4,32.4,8.2,15.6
151.9,747,San Diego State University,United States,23.0–31.2,64.8,54,38.3,8,13.5
175.3,748,University of Sannio,Italy,23.0–31.2,48,69.2,30.7,14.6,18
127.0,749,University of Sassari,Italy,23.0–31.2,60.6,18.1,42.1,16.4,11.4
80.0,750,Universitas Sebelas Maret,Indonesia,23.0–31.2,26,49,36.6,18.3,24.7
158.3,751,University of Sfax,Tunisia,23.0–31.2,62.1,35,36.4,10.1,19.1
130.7,752,SGH Warsaw School of Economics,Poland,23.0–31.2,28,18.3,32.5,18.8,32.2
164.6,753,Shantou University,China,23.0–31.2,68.7,20.5,53.9,9.7,9.8
153.9,754,Sheffield Hallam University,United Kingdom,23.0–31.2,51.1,29.3,66.5,11.9,16.9
121.7,755,University of Siena,Italy,23.0–31.2,52.1,69.6,41.6,16.2,15.2
176.1,756,Silesian University of Technology,Poland,23.0–31.2,70.2,19.7,25.9,12.8,15.3
132.7,757,Sogang University,South Korea,23.0–31.2,41.9,59.3,55.6,13.4,20
177.1,758,"Soochow University, China",China,23.0–31.2,58.1,44.1,48.7,11.4,13.7
139.6,759,University of Sousse,Tunisia,23.0–31.2,51,17.5,37.2,8.1,14.7
178.8,760,South China Normal University,China,23.0–31.2,51.4,31,45.2,10.8,15.4
163.3,761,Southern Cross University,Australia,23.0–31.2,48.6,45.2,69.5,18.4,16.7
189.6,762,University of the South Pacific,Fiji,23.0–31.2,66.6,17.5,55.9,11.9,11.4
130.2,763,SUNY Binghamton University,United States,23.0–31.2,48.1,59.1,54.7,13.4,22.5
149.8,764,Symbiosis International University,India,23.0–31.2,60.4,18.3,35.1,13.2,20.1
176.0,765,Taras Shevchenko National University of Kyiv,Ukraine,23.0–31.2,27.2,18.3,22.5,12,22.5
122.3,766,Technical University of Cartagena,Spain,23.0–31.2,51.4,42.8,48.5,15.6,18.1
132.9,767,Technical University of Košice,Slovakia,23.0–31.2,40,36.7,32.3,21.7,18.2
146.9,768,Technological University Dublin,Ireland,23.0–31.2,33.8,68,54.4,8.4,14.8
123.3,769,Universidade Tecnológica Federal do Paraná (UTFPR),Brazil,23.0–31.2,44.7,67.4,25.7,16.1,11.8
190.0,770,Universiti Teknologi MARA,Malaysia,23.0–31.2,34.6,42,29.3,15.8,26.2
161.6,771,University of Texas at El Paso,United States,23.0–31.2,38.5,67.4,46.4,23.8,16.4
124.5,772,University of Texas Rio Grande Valley,United States,23.0–31.2,57.7,17.8,49.5,7.7,15.4
163.6,773,The University of Texas at San Antonio,United States,23.0–31.2,51.1,67.1,44.3,14.6,13.8
137.0,774,Texas State University,United States,23.0–31.2,50.2,31.5,46.4,11.5,12.3
143.4,775,Texas Tech University,United States,23.0–31.2,49.5,67.5,43.7,18.1,18.3
134.5,776,Thammasat University,Thailand,23.0–31.2,36.5,65.2,42.4,19.2,19.5
191.7,777,University of Toledo,United States,23.0–31.2,47,69.9,61.5,11.2,14.8
166.9,778,University of Trás-os-Montes and Alto Douro,Portugal,23.0–31.2,56.9,17.5,33.2,22.6,16.9
117.4,779,Universiti Tunku Abdul Rahman (UTAR),Malaysia,23.0–31.2,69.4,29.2,36.7,14.5,13.9
106.9,780,Ulster University,United Kingdom,23.0–31.2,44.4,45,72.5,14.1,12.7
182.1,781,Unisinos University,Brazil,23.0–31.2,40,41.1,22,19.2,22.2
106.8,782,Universiti Tun Hussein Onn Malaysia (UTHM),Malaysia,23.0–31.2,38.8,18.1,65.9,10.1,26
131.4,783,University of Urbino Carlo Bo,Italy,23.0–31.2,56.2,29.4,42.4,18.9,17.5
119.2,784,University of Valladolid,Spain,23.0–31.2,46.7,31.3,36,9.3,16.7
159.4,785,Verona University,Italy,23.0–31.2,64.6,63.9,45.2,16.3,9.9
110.5,786,"Vietnam National University, Hanoi",Vietnam,23.0–31.2,63.5,21.8,49.5,12.6,17.3
139.4,787,University of Vigo,Spain,23.0–31.2,43.3,57,45.7,15.6,18.9
187.4,788,Vilnius University,Lithuania,23.0–31.2,31.9,36.1,39.6,16.9,22.1
158.5,789,Virginia Commonwealth University,United States,23.0–31.2,44.6,72.3,28.7,18,14.5
128.7,790,University of Warsaw,Poland,23.0–31.2,37.9,38.7,38.1,22.3,21.9
98.6,791,Wayne State University,United States,23.0–31.2,48.2,47.3,36.3,11.6,12.9
102.2,792,Western Michigan University,United States,23.0–31.2,44.5,35.5,42.3,12.2,14.2
113.0,793,University of Westminster,United Kingdom,23.0–31.2,55.4,38.8,86.1,11.4,14
106.8,794,University of the West of Scotland,United Kingdom,23.0–31.2,51.4,20,82.9,12.6,19.7
106.4,795,West University of Timişoara,Romania,23.0–31.2,54.4,19.2,34.3,9.5,15.4
82.2,796,William & Mary,United States,23.0–31.2,43.1,17.5,34.6,11.7,26.1
96.1,797,University of Wolverhampton,United Kingdom,23.0–31.2,40.7,54.4,76.3,10.7,12.1
95.1,798,Wrocław University of Science and Technology,Poland,23.0–31.2,45,18.7,31.4,11.7,15.8
91.0,799,University of Wyoming,United States,23.0–31.2,42.6,41.3,32.1,15.4,19.9
99.1,800,Yarmouk University,Jordan,23.0–31.2,46.9,23.6,36.2,12.5,10.4
97.8,801,Yuan Ze University,Taiwan,23.0–31.2,51.3,43.4,47.9,16.8,15.3
114.5,802,University of Zagreb,Croatia,23.0–31.2,49.8,17.5,29.3,13.9,12.7
122.5,803,University of Zaragoza,Spain,23.0–31.2,58.1,37.5,31.1,12.7,21.5
65.6,804,ZHAW Zurich University of Applied Sciences,Switzerland,23.0–31.2,51.8,55.1,67.3,13.2,15.5
118.8,805,Zhengzhou University,China,23.0–31.2,79.1,36,33,10.4,10.1
150.6,806,University of A Coruña,Spain,12.6–22.9,34.9,51.3,31.4,11.1,15.2
107.4,807,Akdeniz University,Turkey,12.6–22.9,34.9,25.5,24,14.2,12.2
120.8,808,Al-Balqa Applied University,Jordan,12.6–22.9,44.7,22.1,26.5,8.9,9.4
107.9,809,Alexandru Ioan Cuza University,Romania,12.6–22.9,41.9,17.5,43.9,9.7,9.8
74.0,810,Allameh Tabataba ’i University,Iran,12.6–22.9,33.4,31.1,32,10.3,18.3
94.9,811,Anadolu University,Turkey,12.6–22.9,45.2,20.2,32.8,8.2,16.6
85.5,812,Ankara University,Turkey,12.6–22.9,23.5,17.6,32.2,8.9,19.8
107.2,813,Ariel University,Israel,12.6–22.9,39.5,17.5,24,15.1,11
90.8,814,Instituto Politécnico de Bragança,Portugal,12.6–22.9,20.9,18.8,44.5,10.9,14.2
112.4,815,University of Brawijaya,Indonesia,12.6–22.9,24.2,30.1,24.6,12.1,23.9
90.0,816,Bucharest University of Economic Studies,Romania,12.6–22.9,35.8,24.8,25.7,12.8,20.6
91.9,817,Budapest University of Technology and Economics,Hungary,12.6–22.9,41.2,18.4,25.3,12.9,10.7
92.3,818,College of Charleston,United States,12.6–22.9,44.5,35.7,26.4,7.9,13.3
112.6,819,Chinese Culture University,Taiwan,12.6–22.9,39.9,39.7,35.1,7.8,10.7
97.7,820,Christ University Bengaluru India,India,12.6–22.9,17.4,18.3,21.7,8.2,12.3
121.2,821,Comillas Pontifical University,Spain,12.6–22.9,38.6,22,46.5,11.7,14.3
78.2,822,Czech University of Life Sciences Prague (CZU),Czech Republic,12.6–22.9,23.9,53.2,62,11.5,11.4
129.9,823,De La Salle University,Philippines,12.6–22.9,42.5,17.5,36.8,10.6,13.1
102.4,824,Del Rosario University,Colombia,12.6–22.9,20.1,33,56.7,11,17.3
72.0,825,Dokuz Eylül University,Turkey,12.6–22.9,52.8,20.5,25.6,9,11.9
83.1,826,Durban University of Technology,South Africa,12.6–22.9,18.7,17.5,30,7.8,13.7
92.2,827,EAFIT University,Colombia,12.6–22.9,27.4,17.6,41.3,8.6,13
83.1,828,Universidade Estadual de Maringá,Brazil,12.6–22.9,26.2,18,27.6,13.7,16.2
107.7,829,University of Extremadura,Spain,12.6–22.9,38.6,19.3,39.5,9.8,18.4
116.7,830,Universidade Federal do Ceará (UFC),Brazil,12.6–22.9,25.6,31.7,22.6,10.9,15.3
111.7,831,Federal University of Espírito Santo,Brazil,12.6–22.9,22.5,46.3,29.2,14.4,15.7
84.7,832,Federal University of Santa Maria,Brazil,12.6–22.9,40.9,17.5,22.9,8.7,16.8
86.0,833,Federal University of Uberlândia,Brazil,12.6–22.9,24.4,33.9,23.3,10.3,16.4
137.7,834,Federal University of Viçosa,Brazil,12.6–22.9,24.8,30.3,23.3,13.9,21
81.4,835,Feng Chia University,Taiwan,12.6–22.9,26.7,31.2,42.6,12.1,16.6
115.5,836,Fluminense Federal University,Brazil,12.6–22.9,38.5,21.8,26.4,11,13.9
116.3,837,University of the Free State,South Africa,12.6–22.9,36.6,17.8,55.3,11.5,11.5
97.9,838,University of Gdańsk,Poland,12.6–22.9,25,18.4,22.9,11.9,18.2
134.9,839,Georgia Southern University,United States,12.6–22.9,37.6,53.8,28.7,9.8,9
84.0,840,Harbin Engineering University,China,12.6–22.9,32.4,29.2,26.2,14.6,20.8
91.8,841,Université Hassan II de Casablanca,Morocco,12.6–22.9,17.4,24.8,22.2,7.6,9.3
119.2,842,Hellenic Open University,Greece,12.6–22.9,32.5,17.5,26.5,6.6,15.6
112.0,843,International Hellenic University,Greece,12.6–22.9,32.5,24.7,25.7,9.3,9.1
136.0,844,Islamic University of Indonesia,Indonesia,12.6–22.9,25.7,19.9,27.1,10.4,17
123.8,845,Kasetsart University,Thailand,12.6–22.9,28.6,37.6,30.6,10.9,13.7
134.8,846,Kuwait University,Kuwait,12.6–22.9,33.8,31.2,43.8,7.9,17.6
125.1,847,University of La Laguna,Spain,12.6–22.9,35.6,34.6,29.6,11.9,18.8
143.8,848,L.N. Gumilyov Eurasian National University,Kazakhstan,12.6–22.9,20,17.5,37.6,9.6,18
91.6,849,University of Lodz,Poland,12.6–22.9,27.9,17.9,28.8,11.4,14.4
87.5,850,Lodz University of Technology,Poland,12.6–22.9,29,69,25,14.7,10.2
89.5,851,Lucian Blaga University of Sibiu,Romania,12.6–22.9,19.1,21.9,28.3,12.1,17.6
67.9,852,Universiti Malaysia Kelantan,Malaysia,12.6–22.9,44.4,18.5,43.1,9.5,12.8
106.3,853,University of Maribor,Slovenia,12.6–22.9,32.7,34.8,34.1,14.7,15.9
124.3,854,Marmara University,Turkey,12.6–22.9,31.9,28.9,26.6,10.5,14.6
108.6,855,Marquette University,United States,12.6–22.9,41.9,53.7,28.6,10.7,11.4
104.6,856,Matej Bel University,Slovakia,12.6–22.9,24.5,18.2,31.2,10.1,16
76.4,857,Metropolitan Autonomous University,Mexico,12.6–22.9,13.3,32.6,27.9,18,13.2
96.4,858,Ming Chuan University,Taiwan,12.6–22.9,47.4,20.3,40.9,10.6,10.3
97.4,859,Mohammed V University of Rabat,Morocco,12.6–22.9,25.6,48,25.8,12.6,17.3
98.3,860,University of Monastir,Tunisia,12.6–22.9,33.4,58.5,35.6,8.5,11.4
90.0,861,Multimedia University,Malaysia,12.6–22.9,29.5,47.8,34,12.5,20.5
98.7,862,National University of Colombia,Colombia,12.6–22.9,32.5,55.7,35.4,11.2,11.8
87.7,863,National University of Distance Education (UNED),Spain,12.6–22.9,34.3,51.5,28.9,10.4,13.3
78.3,864,National Kaohsiung University of Science and Technology,Taiwan,12.6–22.9,41.1,61.5,27,14.2,9.8
106.9,865,National Taipei University,Taiwan,12.6–22.9,30.3,18.2,27.8,15.3,16.9
133.0,866,University of Nigeria Nsukka,Nigeria,12.6–22.9,30.5,19.9,26.7,10.4,24.2
95.3,867,Nova Southeastern University,United States,12.6–22.9,37.7,2.2,37.7,11.9,14.6
99.1,868,Universidade Nove de Julho (Uninove),Brazil,12.6–22.9,14.5,24.2,22.3,6.9,13.4
84.6,869,University of Novi Sad,Serbia,12.6–22.9,41.7,21.3,30.6,12.7,12.4
114.8,870,Oakland University,United States,12.6–22.9,26.7,46.6,41.2,9.8,10.5
86.8,871,Ohio University (Main campus),United States,12.6–22.9,31.8,33.2,30.7,12.9,21.5
90.3,872,Universitas Padjadjaran,Indonesia,12.6–22.9,26,33.1,31.1,14.4,25.4
112.7,873,Pamukkale University,Turkey,12.6–22.9,27.2,17.5,23,8.7,12.7
97.4,874,Universidad Panamericana (UP),Mexico,12.6–22.9,22.7,17.6,45.9,10.2,21.6
101.1,875,University of Pécs,Hungary,12.6–22.9,24.7,20.6,33.6,18.5,16.2
75.1,876,University of the Peloponnese,Greece,12.6–22.9,43.7,17.5,24.1,13,9.8
94.9,877,University of the Philippines,Philippines,12.6–22.9,26.8,18.6,31.6,13,15.6
111.6,878,Polytechnic Institute of Porto,Portugal,12.6–22.9,43.9,18.1,26.6,10.1,12.1
111.6,879,Pondicherry University,India,12.6–22.9,40.8,17.8,20.4,8.7,21.9
114.6,880,Pontifical Javeriana University,Colombia,12.6–22.9,20.7,2.2,44.9,10.5,13.1
111.8,881,Prague University of Economics and Business,Czech Republic,12.6–22.9,32.6,19.7,42.1,12.5,18.9
98.5,882,University of Rennes 1,France,12.6–22.9,24.3,38.4,60.6,9.7,11.6
131.3,883,University of Rijeka,Croatia,12.6–22.9,35.1,24,25.6,10.6,13.6
107.4,884,Ritsumeikan University,Japan,12.6–22.9,24.7,21.8,42.7,9.9,14.4
108.5,885,Russian Presidential Academy of National Economy and Public Administration,,12.6–22.9,18.6,24.6,22.7,18.7,29.9
63.7,886,University of Seoul,South Korea,12.6–22.9,23.8,39.9,33.3,17.8,17.7
93.8,887,Sidi Mohamed Ben Abdellah University,Morocco,12.6–22.9,38.6,17.5,22.8,7.9,13.8
111.0,888,Soongsil University,South Korea,12.6–22.9,19.3,18.5,43.2,9.3,21.2
84.3,889,University of South Africa,South Africa,12.6–22.9,41.7,30.3,30.6,10.1,10.3
99.2,890,Southern Federal University,,12.6–22.9,29.9,18.1,40.2,9.2,25.4
124.5,891,University of Split,Croatia,12.6–22.9,43.6,18.1,28.5,10.9,11.1
109.0,892,State University of Malang,Indonesia,12.6–22.9,18.9,17.5,30.6,8.1,13.2
124.4,893,University of Szeged,Hungary,12.6–22.9,26.9,19.3,37.3,11.4,14.5
,894,Tamkang University,Taiwan,12.6–22.9,33.4,29.9,35.3,13,13.3
,895,Technical University of Liberec,Czech Republic,12.6–22.9,20.7,46,27.7,17.2,11.1
,896,Universiti Teknikal Malaysia Melaka,Malaysia,12.6–22.9,21.7,20.2,59.6,13.1,15.7
,897,Institut Teknologi Sepuluh Nopember,Indonesia,12.6–22.9,36.4,21.1,44.3,10,15.2
,898,Telkom University,Indonesia,12.6–22.9,27.8,27.9,32.2,10.6,13.5
,899,University of Trieste,Italy,12.6–22.9,43.1,38.3,38,11.9,8.1
,900,University of Tunis,Tunisia,12.6–22.9,41.8,17.5,40.6,7.5,16.4
,901,Universiti Malaysia Sabah (UMS),Malaysia,12.6–22.9,28.7,33.3,34.3,12.2,12.5
,902,Instituto Politécnico de Viana do Castelo,Portugal,12.6–22.9,23.7,2.2,30.1,7.7,16.8
,903,Vietnam National University (Ho Chi Minh City),Vietnam,12.6–22.9,33.5,17.5,30.5,12.3,13.3
,904,VSB - Technical University of Ostrava,Czech Republic,12.6–22.9,36.7,18.7,42.8,12.8,14.8
,905,University of Warmia and Mazury in Olsztyn,Poland,12.6–22.9,33.8,18.2,22.9,9.4,8.6
,906,Warsaw University of Life Sciences – SGGW,Poland,12.6–22.9,33.7,18.1,38.2,9.2,12.8
,907,Warsaw University of Technology,Poland,12.6–22.9,28.1,61,22.7,12.7,15.3
,908,University of West Attica,Greece,12.6–22.9,46.1,31,23.1,8.8,8.8
,909,The University of the West Indies,Jamaica,12.6–22.9,27.6,52,36.3,8.5,14.5
